event_id,home_team,away_team,commence_time,type,player,market,line,odds
0b3a7486beed303615952ef58e7bd8d4,Tampa Bay Rays,Baltimore Orioles,2025-06-16 23:36:00+00:00,team,h2h baltimore orioles,h2h,,109.0
0b3a7486beed303615952ef58e7bd8d4,Tampa Bay Rays,Baltimore Orioles,2025-06-16 23:36:00+00:00,team,h2h tampa bay rays,h2h,,-120.0
0b3a7486beed303615952ef58e7bd8d4,Tampa Bay Rays,Baltimore Orioles,2025-06-16 23:36:00+00:00,team,spreads baltimore orioles,spreads,1.5,-190.0
0b3a7486beed303615952ef58e7bd8d4,Tampa Bay Rays,Baltimore Orioles,2025-06-16 23:36:00+00:00,team,spreads tampa bay rays,spreads,-1.5,165.0
0b3a7486beed303615952ef58e7bd8d4,Tampa Bay Rays,Baltimore Orioles,2025-06-16 23:36:00+00:00,team,totals over,totals,9.0,105.0
0b3a7486beed303615952ef58e7bd8d4,Tampa Bay Rays,Baltimore Orioles,2025-06-16 23:36:00+00:00,team,totals under,totals,9.0,-125.0
0b3a7486beed303615952ef58e7bd8d4,Tampa Bay Rays,Baltimore Orioles,2025-06-16 23:36:00+00:00,team,h2h los angeles dodgers,h2h,,
0b3a7486beed303615952ef58e7bd8d4,Tampa Bay Rays,Baltimore Orioles,2025-06-16 23:36:00+00:00,team,h2h san diego padres,h2h,,
0b3a7486beed303615952ef58e7bd8d4,Tampa Bay Rays,Baltimore Orioles,2025-06-16 23:36:00+00:00,team,spreads los angeles dodgers,spreads,,
0b3a7486beed303615952ef58e7bd8d4,Tampa Bay Rays,Baltimore Orioles,2025-06-16 23:36:00+00:00,team,spreads san diego padres,spreads,,
0b3a7486beed303615952ef58e7bd8d4,Tampa Bay Rays,Baltimore Orioles,2025-06-16 23:36:00+00:00,team,h2h miami marlins,h2h,,
0b3a7486beed303615952ef58e7bd8d4,Tampa Bay Rays,Baltimore Orioles,2025-06-16 23:36:00+00:00,team,h2h philadelphia phillies,h2h,,
0b3a7486beed303615952ef58e7bd8d4,Tampa Bay Rays,Baltimore Orioles,2025-06-16 23:36:00+00:00,team,spreads miami marlins,spreads,,
0b3a7486beed303615952ef58e7bd8d4,Tampa Bay Rays,Baltimore Orioles,2025-06-16 23:36:00+00:00,team,spreads philadelphia phillies,spreads,,
0b3a7486beed303615952ef58e7bd8d4,Tampa Bay Rays,Baltimore Orioles,2025-06-16 23:36:00+00:00,team,h2h colorado rockies,h2h,,
0b3a7486beed303615952ef58e7bd8d4,Tampa Bay Rays,Baltimore Orioles,2025-06-16 23:36:00+00:00,team,h2h washington nationals,h2h,,
0b3a7486beed303615952ef58e7bd8d4,Tampa Bay Rays,Baltimore Orioles,2025-06-16 23:36:00+00:00,team,spreads colorado rockies,spreads,,
0b3a7486beed303615952ef58e7bd8d4,Tampa Bay Rays,Baltimore Orioles,2025-06-16 23:36:00+00:00,team,spreads washington nationals,spreads,,
0b3a7486beed303615952ef58e7bd8d4,Tampa Bay Rays,Baltimore Orioles,2025-06-16 23:36:00+00:00,team,h2h boston red sox,h2h,,
0b3a7486beed303615952ef58e7bd8d4,Tampa Bay Rays,Baltimore Orioles,2025-06-16 23:36:00+00:00,team,h2h seattle mariners,h2h,,
0b3a7486beed303615952ef58e7bd8d4,Tampa Bay Rays,Baltimore Orioles,2025-06-16 23:36:00+00:00,team,spreads boston red sox,spreads,,
0b3a7486beed303615952ef58e7bd8d4,Tampa Bay Rays,Baltimore Orioles,2025-06-16 23:36:00+00:00,team,spreads seattle mariners,spreads,,
0b3a7486beed303615952ef58e7bd8d4,Tampa Bay Rays,Baltimore Orioles,2025-06-16 23:36:00+00:00,team,h2h los angeles angels,h2h,,
0b3a7486beed303615952ef58e7bd8d4,Tampa Bay Rays,Baltimore Orioles,2025-06-16 23:36:00+00:00,team,h2h new york yankees,h2h,,
0b3a7486beed303615952ef58e7bd8d4,Tampa Bay Rays,Baltimore Orioles,2025-06-16 23:36:00+00:00,team,spreads los angeles angels,spreads,,
0b3a7486beed303615952ef58e7bd8d4,Tampa Bay Rays,Baltimore Orioles,2025-06-16 23:36:00+00:00,team,spreads new york yankees,spreads,,
0b3a7486beed303615952ef58e7bd8d4,Tampa Bay Rays,Baltimore Orioles,2025-06-16 23:36:00+00:00,pitcher,Zach Eflin,pitcher_strikeouts,4.5,-102.0
0b3a7486beed303615952ef58e7bd8d4,Tampa Bay Rays,Baltimore Orioles,2025-06-16 23:36:00+00:00,pitcher,Zach Eflin,pitcher_strikeouts,4.5,-130.0
0b3a7486beed303615952ef58e7bd8d4,Tampa Bay Rays,Baltimore Orioles,2025-06-16 23:36:00+00:00,pitcher,Ryan Pepiot,pitcher_strikeouts,5.5,-112.0
0b3a7486beed303615952ef58e7bd8d4,Tampa Bay Rays,Baltimore Orioles,2025-06-16 23:36:00+00:00,pitcher,Ryan Pepiot,pitcher_strikeouts,5.5,-112.0
0b3a7486beed303615952ef58e7bd8d4,Tampa Bay Rays,Baltimore Orioles,2025-06-16 23:36:00+00:00,pitcher,Ryan Pepiot,pitcher_strikeouts,5.5,-115.0
0b3a7486beed303615952ef58e7bd8d4,Tampa Bay Rays,Baltimore Orioles,2025-06-16 23:36:00+00:00,pitcher,Ryan Pepiot,pitcher_strikeouts,5.5,-110.0
0b3a7486beed303615952ef58e7bd8d4,Tampa Bay Rays,Baltimore Orioles,2025-06-16 23:36:00+00:00,pitcher,Zach Eflin,pitcher_strikeouts,4.5,-105.0
0b3a7486beed303615952ef58e7bd8d4,Tampa Bay Rays,Baltimore Orioles,2025-06-16 23:36:00+00:00,pitcher,Zach Eflin,pitcher_strikeouts,4.5,-120.0
0b3a7486beed303615952ef58e7bd8d4,Tampa Bay Rays,Baltimore Orioles,2025-06-16 23:36:00+00:00,batter,Josh Lowe,batter_hits,1.5,185.0
0b3a7486beed303615952ef58e7bd8d4,Tampa Bay Rays,Baltimore Orioles,2025-06-16 23:36:00+00:00,batter,Josh Lowe,batter_hits,1.5,-255.0
0b3a7486beed303615952ef58e7bd8d4,Tampa Bay Rays,Baltimore Orioles,2025-06-16 23:36:00+00:00,batter,Yandy Diaz,batter_hits,1.5,190.0
0b3a7486beed303615952ef58e7bd8d4,Tampa Bay Rays,Baltimore Orioles,2025-06-16 23:36:00+00:00,batter,Yandy Diaz,batter_hits,1.5,-260.0
0b3a7486beed303615952ef58e7bd8d4,Tampa Bay Rays,Baltimore Orioles,2025-06-16 23:36:00+00:00,batter,Brandon Lowe,batter_hits,0.5,-250.0
0b3a7486beed303615952ef58e7bd8d4,Tampa Bay Rays,Baltimore Orioles,2025-06-16 23:36:00+00:00,batter,Brandon Lowe,batter_hits,0.5,185.0
0b3a7486beed303615952ef58e7bd8d4,Tampa Bay Rays,Baltimore Orioles,2025-06-16 23:36:00+00:00,batter,Gunnar Henderson,batter_hits,0.5,-250.0
0b3a7486beed303615952ef58e7bd8d4,Tampa Bay Rays,Baltimore Orioles,2025-06-16 23:36:00+00:00,batter,Gunnar Henderson,batter_hits,0.5,180.0
0b3a7486beed303615952ef58e7bd8d4,Tampa Bay Rays,Baltimore Orioles,2025-06-16 23:36:00+00:00,batter,Jake Mangum,batter_hits,0.5,-245.0
0b3a7486beed303615952ef58e7bd8d4,Tampa Bay Rays,Baltimore Orioles,2025-06-16 23:36:00+00:00,batter,Jake Mangum,batter_hits,0.5,180.0
0b3a7486beed303615952ef58e7bd8d4,Tampa Bay Rays,Baltimore Orioles,2025-06-16 23:36:00+00:00,batter,Jonathan Aranda,batter_hits,0.5,-240.0
0b3a7486beed303615952ef58e7bd8d4,Tampa Bay Rays,Baltimore Orioles,2025-06-16 23:36:00+00:00,batter,Jonathan Aranda,batter_hits,0.5,175.0
0b3a7486beed303615952ef58e7bd8d4,Tampa Bay Rays,Baltimore Orioles,2025-06-16 23:36:00+00:00,batter,Junior Caminero,batter_hits,0.5,-235.0
0b3a7486beed303615952ef58e7bd8d4,Tampa Bay Rays,Baltimore Orioles,2025-06-16 23:36:00+00:00,batter,Junior Caminero,batter_hits,0.5,170.0
0b3a7486beed303615952ef58e7bd8d4,Tampa Bay Rays,Baltimore Orioles,2025-06-16 23:36:00+00:00,batter,Jordan Westburg,batter_hits,0.5,-230.0
0b3a7486beed303615952ef58e7bd8d4,Tampa Bay Rays,Baltimore Orioles,2025-06-16 23:36:00+00:00,batter,Jordan Westburg,batter_hits,0.5,165.0
0b3a7486beed303615952ef58e7bd8d4,Tampa Bay Rays,Baltimore Orioles,2025-06-16 23:36:00+00:00,batter,Jackson Holliday,batter_hits,0.5,-195.0
0b3a7486beed303615952ef58e7bd8d4,Tampa Bay Rays,Baltimore Orioles,2025-06-16 23:36:00+00:00,batter,Jackson Holliday,batter_hits,0.5,140.0
0b3a7486beed303615952ef58e7bd8d4,Tampa Bay Rays,Baltimore Orioles,2025-06-16 23:36:00+00:00,batter,Adley Rutschman,batter_hits,0.5,-190.0
0b3a7486beed303615952ef58e7bd8d4,Tampa Bay Rays,Baltimore Orioles,2025-06-16 23:36:00+00:00,batter,Adley Rutschman,batter_hits,0.5,140.0
0b3a7486beed303615952ef58e7bd8d4,Tampa Bay Rays,Baltimore Orioles,2025-06-16 23:36:00+00:00,batter,Ryan O'Hearn,batter_hits,0.5,-175.0
0b3a7486beed303615952ef58e7bd8d4,Tampa Bay Rays,Baltimore Orioles,2025-06-16 23:36:00+00:00,batter,Ryan O'Hearn,batter_hits,0.5,130.0
0b3a7486beed303615952ef58e7bd8d4,Tampa Bay Rays,Baltimore Orioles,2025-06-16 23:36:00+00:00,batter,Ramon Laureano,batter_hits,0.5,-160.0
0b3a7486beed303615952ef58e7bd8d4,Tampa Bay Rays,Baltimore Orioles,2025-06-16 23:36:00+00:00,batter,Ramon Laureano,batter_hits,0.5,115.0
0b3a7486beed303615952ef58e7bd8d4,Tampa Bay Rays,Baltimore Orioles,2025-06-16 23:36:00+00:00,batter,Kameron Misner,batter_hits,0.5,-150.0
0b3a7486beed303615952ef58e7bd8d4,Tampa Bay Rays,Baltimore Orioles,2025-06-16 23:36:00+00:00,batter,Kameron Misner,batter_hits,0.5,110.0
0b3a7486beed303615952ef58e7bd8d4,Tampa Bay Rays,Baltimore Orioles,2025-06-16 23:36:00+00:00,batter,Ramon Urias,batter_hits,0.5,-150.0
0b3a7486beed303615952ef58e7bd8d4,Tampa Bay Rays,Baltimore Orioles,2025-06-16 23:36:00+00:00,batter,Ramon Urias,batter_hits,0.5,110.0
0b3a7486beed303615952ef58e7bd8d4,Tampa Bay Rays,Baltimore Orioles,2025-06-16 23:36:00+00:00,batter,Colton Cowser,batter_hits,0.5,-135.0
0b3a7486beed303615952ef58e7bd8d4,Tampa Bay Rays,Baltimore Orioles,2025-06-16 23:36:00+00:00,batter,Colton Cowser,batter_hits,0.5,100.0
0b3a7486beed303615952ef58e7bd8d4,Tampa Bay Rays,Baltimore Orioles,2025-06-16 23:36:00+00:00,batter,Cedric Mullins,batter_hits,0.5,-130.0
0b3a7486beed303615952ef58e7bd8d4,Tampa Bay Rays,Baltimore Orioles,2025-06-16 23:36:00+00:00,batter,Cedric Mullins,batter_hits,0.5,-105.0
0b3a7486beed303615952ef58e7bd8d4,Tampa Bay Rays,Baltimore Orioles,2025-06-16 23:36:00+00:00,batter,Matt Thaiss,batter_hits,0.5,-130.0
0b3a7486beed303615952ef58e7bd8d4,Tampa Bay Rays,Baltimore Orioles,2025-06-16 23:36:00+00:00,batter,Matt Thaiss,batter_hits,0.5,-105.0
0b3a7486beed303615952ef58e7bd8d4,Tampa Bay Rays,Baltimore Orioles,2025-06-16 23:36:00+00:00,batter,Taylor Walls,batter_hits,0.5,-130.0
0b3a7486beed303615952ef58e7bd8d4,Tampa Bay Rays,Baltimore Orioles,2025-06-16 23:36:00+00:00,batter,Taylor Walls,batter_hits,0.5,-105.0
0b964c56ee24c62203a4f2512b05a42b,Los Angeles Dodgers,San Diego Padres,2025-06-17 02:11:00+00:00,team,h2h baltimore orioles,h2h,,
0b964c56ee24c62203a4f2512b05a42b,Los Angeles Dodgers,San Diego Padres,2025-06-17 02:11:00+00:00,team,h2h tampa bay rays,h2h,,
0b964c56ee24c62203a4f2512b05a42b,Los Angeles Dodgers,San Diego Padres,2025-06-17 02:11:00+00:00,team,spreads baltimore orioles,spreads,,
0b964c56ee24c62203a4f2512b05a42b,Los Angeles Dodgers,San Diego Padres,2025-06-17 02:11:00+00:00,team,spreads tampa bay rays,spreads,,
0b964c56ee24c62203a4f2512b05a42b,Los Angeles Dodgers,San Diego Padres,2025-06-17 02:11:00+00:00,team,totals over,totals,9.0,-105.0
0b964c56ee24c62203a4f2512b05a42b,Los Angeles Dodgers,San Diego Padres,2025-06-17 02:11:00+00:00,team,totals under,totals,9.0,-115.0
0b964c56ee24c62203a4f2512b05a42b,Los Angeles Dodgers,San Diego Padres,2025-06-17 02:11:00+00:00,team,h2h los angeles dodgers,h2h,,-157.0
0b964c56ee24c62203a4f2512b05a42b,Los Angeles Dodgers,San Diego Padres,2025-06-17 02:11:00+00:00,team,h2h san diego padres,h2h,,128.0
0b964c56ee24c62203a4f2512b05a42b,Los Angeles Dodgers,San Diego Padres,2025-06-17 02:11:00+00:00,team,spreads los angeles dodgers,spreads,-1.5,134.0
0b964c56ee24c62203a4f2512b05a42b,Los Angeles Dodgers,San Diego Padres,2025-06-17 02:11:00+00:00,team,spreads san diego padres,spreads,1.5,-164.0
0b964c56ee24c62203a4f2512b05a42b,Los Angeles Dodgers,San Diego Padres,2025-06-17 02:11:00+00:00,team,h2h miami marlins,h2h,,
0b964c56ee24c62203a4f2512b05a42b,Los Angeles Dodgers,San Diego Padres,2025-06-17 02:11:00+00:00,team,h2h philadelphia phillies,h2h,,
0b964c56ee24c62203a4f2512b05a42b,Los Angeles Dodgers,San Diego Padres,2025-06-17 02:11:00+00:00,team,spreads miami marlins,spreads,,
0b964c56ee24c62203a4f2512b05a42b,Los Angeles Dodgers,San Diego Padres,2025-06-17 02:11:00+00:00,team,spreads philadelphia phillies,spreads,,
0b964c56ee24c62203a4f2512b05a42b,Los Angeles Dodgers,San Diego Padres,2025-06-17 02:11:00+00:00,team,h2h colorado rockies,h2h,,
0b964c56ee24c62203a4f2512b05a42b,Los Angeles Dodgers,San Diego Padres,2025-06-17 02:11:00+00:00,team,h2h washington nationals,h2h,,
0b964c56ee24c62203a4f2512b05a42b,Los Angeles Dodgers,San Diego Padres,2025-06-17 02:11:00+00:00,team,spreads colorado rockies,spreads,,
0b964c56ee24c62203a4f2512b05a42b,Los Angeles Dodgers,San Diego Padres,2025-06-17 02:11:00+00:00,team,spreads washington nationals,spreads,,
0b964c56ee24c62203a4f2512b05a42b,Los Angeles Dodgers,San Diego Padres,2025-06-17 02:11:00+00:00,team,h2h boston red sox,h2h,,
0b964c56ee24c62203a4f2512b05a42b,Los Angeles Dodgers,San Diego Padres,2025-06-17 02:11:00+00:00,team,h2h seattle mariners,h2h,,
0b964c56ee24c62203a4f2512b05a42b,Los Angeles Dodgers,San Diego Padres,2025-06-17 02:11:00+00:00,team,spreads boston red sox,spreads,,
0b964c56ee24c62203a4f2512b05a42b,Los Angeles Dodgers,San Diego Padres,2025-06-17 02:11:00+00:00,team,spreads seattle mariners,spreads,,
0b964c56ee24c62203a4f2512b05a42b,Los Angeles Dodgers,San Diego Padres,2025-06-17 02:11:00+00:00,team,h2h los angeles angels,h2h,,
0b964c56ee24c62203a4f2512b05a42b,Los Angeles Dodgers,San Diego Padres,2025-06-17 02:11:00+00:00,team,h2h new york yankees,h2h,,
0b964c56ee24c62203a4f2512b05a42b,Los Angeles Dodgers,San Diego Padres,2025-06-17 02:11:00+00:00,team,spreads los angeles angels,spreads,,
0b964c56ee24c62203a4f2512b05a42b,Los Angeles Dodgers,San Diego Padres,2025-06-17 02:11:00+00:00,team,spreads new york yankees,spreads,,
0b964c56ee24c62203a4f2512b05a42b,Los Angeles Dodgers,San Diego Padres,2025-06-17 02:11:00+00:00,pitcher,Dylan Cease,pitcher_strikeouts,6.5,100.0
0b964c56ee24c62203a4f2512b05a42b,Los Angeles Dodgers,San Diego Padres,2025-06-17 02:11:00+00:00,pitcher,Dylan Cease,pitcher_strikeouts,6.5,-135.0
0b964c56ee24c62203a4f2512b05a42b,Los Angeles Dodgers,San Diego Padres,2025-06-17 02:11:00+00:00,pitcher,Shohei Ohtani,pitcher_strikeouts,1.5,-160.0
0b964c56ee24c62203a4f2512b05a42b,Los Angeles Dodgers,San Diego Padres,2025-06-17 02:11:00+00:00,pitcher,Shohei Ohtani,pitcher_strikeouts,1.5,120.0
0b964c56ee24c62203a4f2512b05a42b,Los Angeles Dodgers,San Diego Padres,2025-06-17 02:11:00+00:00,batter,Luis Arraez,batter_hits,1.5,180.0
0b964c56ee24c62203a4f2512b05a42b,Los Angeles Dodgers,San Diego Padres,2025-06-17 02:11:00+00:00,batter,Luis Arraez,batter_hits,1.5,-245.0
0b964c56ee24c62203a4f2512b05a42b,Los Angeles Dodgers,San Diego Padres,2025-06-17 02:11:00+00:00,batter,Fernando Tatis Jr.,batter_hits,0.5,-235.0
0b964c56ee24c62203a4f2512b05a42b,Los Angeles Dodgers,San Diego Padres,2025-06-17 02:11:00+00:00,batter,Fernando Tatis Jr.,batter_hits,0.5,170.0
0b964c56ee24c62203a4f2512b05a42b,Los Angeles Dodgers,San Diego Padres,2025-06-17 02:11:00+00:00,batter,Shohei Ohtani,batter_hits,0.5,-230.0
0b964c56ee24c62203a4f2512b05a42b,Los Angeles Dodgers,San Diego Padres,2025-06-17 02:11:00+00:00,batter,Shohei Ohtani,batter_hits,0.5,165.0
0b964c56ee24c62203a4f2512b05a42b,Los Angeles Dodgers,San Diego Padres,2025-06-17 02:11:00+00:00,batter,Freddie Freeman,batter_hits,0.5,-220.0
0b964c56ee24c62203a4f2512b05a42b,Los Angeles Dodgers,San Diego Padres,2025-06-17 02:11:00+00:00,batter,Freddie Freeman,batter_hits,0.5,160.0
0b964c56ee24c62203a4f2512b05a42b,Los Angeles Dodgers,San Diego Padres,2025-06-17 02:11:00+00:00,batter,Manny Machado,batter_hits,0.5,-210.0
0b964c56ee24c62203a4f2512b05a42b,Los Angeles Dodgers,San Diego Padres,2025-06-17 02:11:00+00:00,batter,Manny Machado,batter_hits,0.5,155.0
0b964c56ee24c62203a4f2512b05a42b,Los Angeles Dodgers,San Diego Padres,2025-06-17 02:11:00+00:00,batter,Mookie Betts,batter_hits,0.5,-200.0
0b964c56ee24c62203a4f2512b05a42b,Los Angeles Dodgers,San Diego Padres,2025-06-17 02:11:00+00:00,batter,Mookie Betts,batter_hits,0.5,150.0
0b964c56ee24c62203a4f2512b05a42b,Los Angeles Dodgers,San Diego Padres,2025-06-17 02:11:00+00:00,batter,Andy Pages,batter_hits,0.5,-195.0
0b964c56ee24c62203a4f2512b05a42b,Los Angeles Dodgers,San Diego Padres,2025-06-17 02:11:00+00:00,batter,Andy Pages,batter_hits,0.5,145.0
0b964c56ee24c62203a4f2512b05a42b,Los Angeles Dodgers,San Diego Padres,2025-06-17 02:11:00+00:00,batter,Xander Bogaerts,batter_hits,0.5,-175.0
0b964c56ee24c62203a4f2512b05a42b,Los Angeles Dodgers,San Diego Padres,2025-06-17 02:11:00+00:00,batter,Xander Bogaerts,batter_hits,0.5,130.0
0b964c56ee24c62203a4f2512b05a42b,Los Angeles Dodgers,San Diego Padres,2025-06-17 02:11:00+00:00,batter,Will Smith,batter_hits,0.5,-170.0
0b964c56ee24c62203a4f2512b05a42b,Los Angeles Dodgers,San Diego Padres,2025-06-17 02:11:00+00:00,batter,Will Smith,batter_hits,0.5,125.0
0b964c56ee24c62203a4f2512b05a42b,Los Angeles Dodgers,San Diego Padres,2025-06-17 02:11:00+00:00,batter,Teoscar Hernandez,batter_hits,0.5,-160.0
0b964c56ee24c62203a4f2512b05a42b,Los Angeles Dodgers,San Diego Padres,2025-06-17 02:11:00+00:00,batter,Teoscar Hernandez,batter_hits,0.5,120.0
0b964c56ee24c62203a4f2512b05a42b,Los Angeles Dodgers,San Diego Padres,2025-06-17 02:11:00+00:00,batter,Tommy Edman,batter_hits,0.5,-160.0
0b964c56ee24c62203a4f2512b05a42b,Los Angeles Dodgers,San Diego Padres,2025-06-17 02:11:00+00:00,batter,Tommy Edman,batter_hits,0.5,120.0
0b964c56ee24c62203a4f2512b05a42b,Los Angeles Dodgers,San Diego Padres,2025-06-17 02:11:00+00:00,batter,Gavin Sheets,batter_hits,0.5,-145.0
0b964c56ee24c62203a4f2512b05a42b,Los Angeles Dodgers,San Diego Padres,2025-06-17 02:11:00+00:00,batter,Gavin Sheets,batter_hits,0.5,110.0
0b964c56ee24c62203a4f2512b05a42b,Los Angeles Dodgers,San Diego Padres,2025-06-17 02:11:00+00:00,batter,Jake Cronenworth,batter_hits,0.5,-145.0
0b964c56ee24c62203a4f2512b05a42b,Los Angeles Dodgers,San Diego Padres,2025-06-17 02:11:00+00:00,batter,Jake Cronenworth,batter_hits,0.5,105.0
0b964c56ee24c62203a4f2512b05a42b,Los Angeles Dodgers,San Diego Padres,2025-06-17 02:11:00+00:00,batter,Max Muncy,batter_hits,0.5,-120.0
0b964c56ee24c62203a4f2512b05a42b,Los Angeles Dodgers,San Diego Padres,2025-06-17 02:11:00+00:00,batter,Max Muncy,batter_hits,0.5,-110.0
0b964c56ee24c62203a4f2512b05a42b,Los Angeles Dodgers,San Diego Padres,2025-06-17 02:11:00+00:00,batter,Michael Conforto,batter_hits,0.5,-120.0
0b964c56ee24c62203a4f2512b05a42b,Los Angeles Dodgers,San Diego Padres,2025-06-17 02:11:00+00:00,batter,Michael Conforto,batter_hits,0.5,-110.0
0b964c56ee24c62203a4f2512b05a42b,Los Angeles Dodgers,San Diego Padres,2025-06-17 02:11:00+00:00,batter,Elias Diaz,batter_hits,0.5,-110.0
0b964c56ee24c62203a4f2512b05a42b,Los Angeles Dodgers,San Diego Padres,2025-06-17 02:11:00+00:00,batter,Elias Diaz,batter_hits,0.5,-120.0
0b964c56ee24c62203a4f2512b05a42b,Los Angeles Dodgers,San Diego Padres,2025-06-17 02:11:00+00:00,batter,Tyler Wade,batter_hits,0.5,100.0
0b964c56ee24c62203a4f2512b05a42b,Los Angeles Dodgers,San Diego Padres,2025-06-17 02:11:00+00:00,batter,Tyler Wade,batter_hits,0.5,-140.0
44b84f910c5ab8b6323d8fcc03e69477,Miami Marlins,Philadelphia Phillies,2025-06-16 22:41:00+00:00,team,h2h baltimore orioles,h2h,,
44b84f910c5ab8b6323d8fcc03e69477,Miami Marlins,Philadelphia Phillies,2025-06-16 22:41:00+00:00,team,h2h tampa bay rays,h2h,,
44b84f910c5ab8b6323d8fcc03e69477,Miami Marlins,Philadelphia Phillies,2025-06-16 22:41:00+00:00,team,spreads baltimore orioles,spreads,,
44b84f910c5ab8b6323d8fcc03e69477,Miami Marlins,Philadelphia Phillies,2025-06-16 22:41:00+00:00,team,spreads tampa bay rays,spreads,,
44b84f910c5ab8b6323d8fcc03e69477,Miami Marlins,Philadelphia Phillies,2025-06-16 22:41:00+00:00,team,totals over,totals,8.5,-112.0
44b84f910c5ab8b6323d8fcc03e69477,Miami Marlins,Philadelphia Phillies,2025-06-16 22:41:00+00:00,team,totals under,totals,8.5,-108.0
44b84f910c5ab8b6323d8fcc03e69477,Miami Marlins,Philadelphia Phillies,2025-06-16 22:41:00+00:00,team,h2h los angeles dodgers,h2h,,
44b84f910c5ab8b6323d8fcc03e69477,Miami Marlins,Philadelphia Phillies,2025-06-16 22:41:00+00:00,team,h2h san diego padres,h2h,,
44b84f910c5ab8b6323d8fcc03e69477,Miami Marlins,Philadelphia Phillies,2025-06-16 22:41:00+00:00,team,spreads los angeles dodgers,spreads,,
44b84f910c5ab8b6323d8fcc03e69477,Miami Marlins,Philadelphia Phillies,2025-06-16 22:41:00+00:00,team,spreads san diego padres,spreads,,
44b84f910c5ab8b6323d8fcc03e69477,Miami Marlins,Philadelphia Phillies,2025-06-16 22:41:00+00:00,team,h2h miami marlins,h2h,,108.0
44b84f910c5ab8b6323d8fcc03e69477,Miami Marlins,Philadelphia Phillies,2025-06-16 22:41:00+00:00,team,h2h philadelphia phillies,h2h,,-132.0
44b84f910c5ab8b6323d8fcc03e69477,Miami Marlins,Philadelphia Phillies,2025-06-16 22:41:00+00:00,team,spreads miami marlins,spreads,1.5,-156.0
44b84f910c5ab8b6323d8fcc03e69477,Miami Marlins,Philadelphia Phillies,2025-06-16 22:41:00+00:00,team,spreads philadelphia phillies,spreads,-1.5,128.0
44b84f910c5ab8b6323d8fcc03e69477,Miami Marlins,Philadelphia Phillies,2025-06-16 22:41:00+00:00,team,h2h colorado rockies,h2h,,
44b84f910c5ab8b6323d8fcc03e69477,Miami Marlins,Philadelphia Phillies,2025-06-16 22:41:00+00:00,team,h2h washington nationals,h2h,,
44b84f910c5ab8b6323d8fcc03e69477,Miami Marlins,Philadelphia Phillies,2025-06-16 22:41:00+00:00,team,spreads colorado rockies,spreads,,
44b84f910c5ab8b6323d8fcc03e69477,Miami Marlins,Philadelphia Phillies,2025-06-16 22:41:00+00:00,team,spreads washington nationals,spreads,,
44b84f910c5ab8b6323d8fcc03e69477,Miami Marlins,Philadelphia Phillies,2025-06-16 22:41:00+00:00,team,h2h boston red sox,h2h,,
44b84f910c5ab8b6323d8fcc03e69477,Miami Marlins,Philadelphia Phillies,2025-06-16 22:41:00+00:00,team,h2h seattle mariners,h2h,,
44b84f910c5ab8b6323d8fcc03e69477,Miami Marlins,Philadelphia Phillies,2025-06-16 22:41:00+00:00,team,spreads boston red sox,spreads,,
44b84f910c5ab8b6323d8fcc03e69477,Miami Marlins,Philadelphia Phillies,2025-06-16 22:41:00+00:00,team,spreads seattle mariners,spreads,,
44b84f910c5ab8b6323d8fcc03e69477,Miami Marlins,Philadelphia Phillies,2025-06-16 22:41:00+00:00,team,h2h los angeles angels,h2h,,
44b84f910c5ab8b6323d8fcc03e69477,Miami Marlins,Philadelphia Phillies,2025-06-16 22:41:00+00:00,team,h2h new york yankees,h2h,,
44b84f910c5ab8b6323d8fcc03e69477,Miami Marlins,Philadelphia Phillies,2025-06-16 22:41:00+00:00,team,spreads los angeles angels,spreads,,
44b84f910c5ab8b6323d8fcc03e69477,Miami Marlins,Philadelphia Phillies,2025-06-16 22:41:00+00:00,team,spreads new york yankees,spreads,,
44b84f910c5ab8b6323d8fcc03e69477,Miami Marlins,Philadelphia Phillies,2025-06-16 22:41:00+00:00,pitcher,Sandy Alcantara,pitcher_strikeouts,4.5,-130.0
44b84f910c5ab8b6323d8fcc03e69477,Miami Marlins,Philadelphia Phillies,2025-06-16 22:41:00+00:00,pitcher,Sandy Alcantara,pitcher_strikeouts,4.5,102.0
44b84f910c5ab8b6323d8fcc03e69477,Miami Marlins,Philadelphia Phillies,2025-06-16 22:41:00+00:00,pitcher,Mick Abel,pitcher_strikeouts,4.5,-118.0
44b84f910c5ab8b6323d8fcc03e69477,Miami Marlins,Philadelphia Phillies,2025-06-16 22:41:00+00:00,pitcher,Mick Abel,pitcher_strikeouts,4.5,-112.0
44b84f910c5ab8b6323d8fcc03e69477,Miami Marlins,Philadelphia Phillies,2025-06-16 22:41:00+00:00,pitcher,Mick Abel,pitcher_strikeouts,4.5,-120.0
44b84f910c5ab8b6323d8fcc03e69477,Miami Marlins,Philadelphia Phillies,2025-06-16 22:41:00+00:00,pitcher,Mick Abel,pitcher_strikeouts,4.5,-110.0
44b84f910c5ab8b6323d8fcc03e69477,Miami Marlins,Philadelphia Phillies,2025-06-16 22:41:00+00:00,pitcher,Sandy Alcantara,pitcher_strikeouts,4.5,-120.0
44b84f910c5ab8b6323d8fcc03e69477,Miami Marlins,Philadelphia Phillies,2025-06-16 22:41:00+00:00,pitcher,Sandy Alcantara,pitcher_strikeouts,4.5,-110.0
44b84f910c5ab8b6323d8fcc03e69477,Miami Marlins,Philadelphia Phillies,2025-06-16 22:41:00+00:00,batter,Trea Turner,batter_hits,1.5,160.0
44b84f910c5ab8b6323d8fcc03e69477,Miami Marlins,Philadelphia Phillies,2025-06-16 22:41:00+00:00,batter,Alec Bohm,batter_hits,1.5,165.0
44b84f910c5ab8b6323d8fcc03e69477,Miami Marlins,Philadelphia Phillies,2025-06-16 22:41:00+00:00,batter,Xavier Edwards,batter_hits,1.5,180.0
44b84f910c5ab8b6323d8fcc03e69477,Miami Marlins,Philadelphia Phillies,2025-06-16 22:41:00+00:00,batter,Nick Castellanos,batter_hits,1.5,195.0
44b84f910c5ab8b6323d8fcc03e69477,Miami Marlins,Philadelphia Phillies,2025-06-16 22:41:00+00:00,batter,Agustín Ramírez,batter_hits,1.5,200.0
44b84f910c5ab8b6323d8fcc03e69477,Miami Marlins,Philadelphia Phillies,2025-06-16 22:41:00+00:00,batter,Jesus Sanchez,batter_hits,1.5,220.0
44b84f910c5ab8b6323d8fcc03e69477,Miami Marlins,Philadelphia Phillies,2025-06-16 22:41:00+00:00,batter,Otto Lopez,batter_hits,1.5,220.0
44b84f910c5ab8b6323d8fcc03e69477,Miami Marlins,Philadelphia Phillies,2025-06-16 22:41:00+00:00,batter,J.T. Realmuto,batter_hits,1.5,230.0
44b84f910c5ab8b6323d8fcc03e69477,Miami Marlins,Philadelphia Phillies,2025-06-16 22:41:00+00:00,batter,Max Kepler,batter_hits,1.5,230.0
44b84f910c5ab8b6323d8fcc03e69477,Miami Marlins,Philadelphia Phillies,2025-06-16 22:41:00+00:00,batter,Bryson Stott,batter_hits,1.5,240.0
44b84f910c5ab8b6323d8fcc03e69477,Miami Marlins,Philadelphia Phillies,2025-06-16 22:41:00+00:00,batter,Kyle Schwarber,batter_hits,1.5,260.0
44b84f910c5ab8b6323d8fcc03e69477,Miami Marlins,Philadelphia Phillies,2025-06-16 22:41:00+00:00,batter,Brandon Marsh,batter_hits,1.5,270.0
44b84f910c5ab8b6323d8fcc03e69477,Miami Marlins,Philadelphia Phillies,2025-06-16 22:41:00+00:00,batter,Kyle Stowers,batter_hits,1.5,290.0
44b84f910c5ab8b6323d8fcc03e69477,Miami Marlins,Philadelphia Phillies,2025-06-16 22:41:00+00:00,batter,Eric Wagaman,batter_hits,1.5,290.0
44b84f910c5ab8b6323d8fcc03e69477,Miami Marlins,Philadelphia Phillies,2025-06-16 22:41:00+00:00,batter,Otto Kemp,batter_hits,1.5,320.0
44b84f910c5ab8b6323d8fcc03e69477,Miami Marlins,Philadelphia Phillies,2025-06-16 22:41:00+00:00,batter,Dane Myers,batter_hits,1.5,330.0
44b84f910c5ab8b6323d8fcc03e69477,Miami Marlins,Philadelphia Phillies,2025-06-16 22:41:00+00:00,batter,Liam Hicks,batter_hits,1.5,340.0
44b84f910c5ab8b6323d8fcc03e69477,Miami Marlins,Philadelphia Phillies,2025-06-16 22:41:00+00:00,batter,Connor Norby,batter_hits,1.5,350.0
44b84f910c5ab8b6323d8fcc03e69477,Miami Marlins,Philadelphia Phillies,2025-06-16 22:41:00+00:00,batter,Trea Turner,batter_hits,2.5,700.0
44b84f910c5ab8b6323d8fcc03e69477,Miami Marlins,Philadelphia Phillies,2025-06-16 22:41:00+00:00,batter,Alec Bohm,batter_hits,2.5,750.0
44b84f910c5ab8b6323d8fcc03e69477,Miami Marlins,Philadelphia Phillies,2025-06-16 22:41:00+00:00,batter,Xavier Edwards,batter_hits,2.5,900.0
44b84f910c5ab8b6323d8fcc03e69477,Miami Marlins,Philadelphia Phillies,2025-06-16 22:41:00+00:00,batter,Nick Castellanos,batter_hits,2.5,1000.0
44b84f910c5ab8b6323d8fcc03e69477,Miami Marlins,Philadelphia Phillies,2025-06-16 22:41:00+00:00,batter,Agustín Ramírez,batter_hits,2.5,1100.0
44b84f910c5ab8b6323d8fcc03e69477,Miami Marlins,Philadelphia Phillies,2025-06-16 22:41:00+00:00,batter,J.T. Realmuto,batter_hits,2.5,1100.0
44b84f910c5ab8b6323d8fcc03e69477,Miami Marlins,Philadelphia Phillies,2025-06-16 22:41:00+00:00,batter,Jesus Sanchez,batter_hits,2.5,1200.0
44b84f910c5ab8b6323d8fcc03e69477,Miami Marlins,Philadelphia Phillies,2025-06-16 22:41:00+00:00,batter,Otto Lopez,batter_hits,2.5,1200.0
44b84f910c5ab8b6323d8fcc03e69477,Miami Marlins,Philadelphia Phillies,2025-06-16 22:41:00+00:00,batter,Max Kepler,batter_hits,2.5,1200.0
44b84f910c5ab8b6323d8fcc03e69477,Miami Marlins,Philadelphia Phillies,2025-06-16 22:41:00+00:00,batter,Kyle Schwarber,batter_hits,2.5,1300.0
44b84f910c5ab8b6323d8fcc03e69477,Miami Marlins,Philadelphia Phillies,2025-06-16 22:41:00+00:00,batter,Bryson Stott,batter_hits,2.5,1500.0
44b84f910c5ab8b6323d8fcc03e69477,Miami Marlins,Philadelphia Phillies,2025-06-16 22:41:00+00:00,batter,Brandon Marsh,batter_hits,2.5,1600.0
44b84f910c5ab8b6323d8fcc03e69477,Miami Marlins,Philadelphia Phillies,2025-06-16 22:41:00+00:00,batter,Kyle Stowers,batter_hits,2.5,1700.0
44b84f910c5ab8b6323d8fcc03e69477,Miami Marlins,Philadelphia Phillies,2025-06-16 22:41:00+00:00,batter,Otto Kemp,batter_hits,2.5,1700.0
44b84f910c5ab8b6323d8fcc03e69477,Miami Marlins,Philadelphia Phillies,2025-06-16 22:41:00+00:00,batter,Eric Wagaman,batter_hits,2.5,1900.0
44b84f910c5ab8b6323d8fcc03e69477,Miami Marlins,Philadelphia Phillies,2025-06-16 22:41:00+00:00,batter,Dane Myers,batter_hits,2.5,2000.0
44b84f910c5ab8b6323d8fcc03e69477,Miami Marlins,Philadelphia Phillies,2025-06-16 22:41:00+00:00,batter,Liam Hicks,batter_hits,2.5,2100.0
44b84f910c5ab8b6323d8fcc03e69477,Miami Marlins,Philadelphia Phillies,2025-06-16 22:41:00+00:00,batter,Connor Norby,batter_hits,2.5,2200.0
44b84f910c5ab8b6323d8fcc03e69477,Miami Marlins,Philadelphia Phillies,2025-06-16 22:41:00+00:00,batter,Trea Turner,batter_hits,0.5,-340.0
44b84f910c5ab8b6323d8fcc03e69477,Miami Marlins,Philadelphia Phillies,2025-06-16 22:41:00+00:00,batter,Alec Bohm,batter_hits,0.5,-310.0
44b84f910c5ab8b6323d8fcc03e69477,Miami Marlins,Philadelphia Phillies,2025-06-16 22:41:00+00:00,batter,Xavier Edwards,batter_hits,0.5,-290.0
44b84f910c5ab8b6323d8fcc03e69477,Miami Marlins,Philadelphia Phillies,2025-06-16 22:41:00+00:00,batter,Agustín Ramírez,batter_hits,0.5,-280.0
44b84f910c5ab8b6323d8fcc03e69477,Miami Marlins,Philadelphia Phillies,2025-06-16 22:41:00+00:00,batter,Nick Castellanos,batter_hits,0.5,-270.0
44b84f910c5ab8b6323d8fcc03e69477,Miami Marlins,Philadelphia Phillies,2025-06-16 22:41:00+00:00,batter,Jesus Sanchez,batter_hits,0.5,-260.0
44b84f910c5ab8b6323d8fcc03e69477,Miami Marlins,Philadelphia Phillies,2025-06-16 22:41:00+00:00,batter,Otto Lopez,batter_hits,0.5,-250.0
44b84f910c5ab8b6323d8fcc03e69477,Miami Marlins,Philadelphia Phillies,2025-06-16 22:41:00+00:00,batter,J.T. Realmuto,batter_hits,0.5,-240.0
44b84f910c5ab8b6323d8fcc03e69477,Miami Marlins,Philadelphia Phillies,2025-06-16 22:41:00+00:00,batter,Max Kepler,batter_hits,0.5,-230.0
44b84f910c5ab8b6323d8fcc03e69477,Miami Marlins,Philadelphia Phillies,2025-06-16 22:41:00+00:00,batter,Bryson Stott,batter_hits,0.5,-220.0
44b84f910c5ab8b6323d8fcc03e69477,Miami Marlins,Philadelphia Phillies,2025-06-16 22:41:00+00:00,batter,Brandon Marsh,batter_hits,0.5,-210.0
44b84f910c5ab8b6323d8fcc03e69477,Miami Marlins,Philadelphia Phillies,2025-06-16 22:41:00+00:00,batter,Eric Wagaman,batter_hits,0.5,-210.0
44b84f910c5ab8b6323d8fcc03e69477,Miami Marlins,Philadelphia Phillies,2025-06-16 22:41:00+00:00,batter,Kyle Schwarber,batter_hits,0.5,-210.0
44b84f910c5ab8b6323d8fcc03e69477,Miami Marlins,Philadelphia Phillies,2025-06-16 22:41:00+00:00,batter,Kyle Stowers,batter_hits,0.5,-195.0
44b84f910c5ab8b6323d8fcc03e69477,Miami Marlins,Philadelphia Phillies,2025-06-16 22:41:00+00:00,batter,Otto Kemp,batter_hits,0.5,-185.0
44b84f910c5ab8b6323d8fcc03e69477,Miami Marlins,Philadelphia Phillies,2025-06-16 22:41:00+00:00,batter,Dane Myers,batter_hits,0.5,-185.0
44b84f910c5ab8b6323d8fcc03e69477,Miami Marlins,Philadelphia Phillies,2025-06-16 22:41:00+00:00,batter,Liam Hicks,batter_hits,0.5,-180.0
44b84f910c5ab8b6323d8fcc03e69477,Miami Marlins,Philadelphia Phillies,2025-06-16 22:41:00+00:00,batter,Connor Norby,batter_hits,0.5,-175.0
44b84f910c5ab8b6323d8fcc03e69477,Miami Marlins,Philadelphia Phillies,2025-06-16 22:41:00+00:00,batter,Kyle Schwarber,batter_home_runs,0.5,320.0
44b84f910c5ab8b6323d8fcc03e69477,Miami Marlins,Philadelphia Phillies,2025-06-16 22:41:00+00:00,batter,Jesus Sanchez,batter_home_runs,0.5,470.0
44b84f910c5ab8b6323d8fcc03e69477,Miami Marlins,Philadelphia Phillies,2025-06-16 22:41:00+00:00,batter,Agustín Ramírez,batter_home_runs,0.5,540.0
44b84f910c5ab8b6323d8fcc03e69477,Miami Marlins,Philadelphia Phillies,2025-06-16 22:41:00+00:00,batter,Kyle Stowers,batter_home_runs,0.5,600.0
44b84f910c5ab8b6323d8fcc03e69477,Miami Marlins,Philadelphia Phillies,2025-06-16 22:41:00+00:00,batter,Max Kepler,batter_home_runs,0.5,680.0
44b84f910c5ab8b6323d8fcc03e69477,Miami Marlins,Philadelphia Phillies,2025-06-16 22:41:00+00:00,batter,Nick Castellanos,batter_home_runs,0.5,750.0
44b84f910c5ab8b6323d8fcc03e69477,Miami Marlins,Philadelphia Phillies,2025-06-16 22:41:00+00:00,batter,Connor Norby,batter_home_runs,0.5,750.0
44b84f910c5ab8b6323d8fcc03e69477,Miami Marlins,Philadelphia Phillies,2025-06-16 22:41:00+00:00,batter,J.T. Realmuto,batter_home_runs,0.5,800.0
44b84f910c5ab8b6323d8fcc03e69477,Miami Marlins,Philadelphia Phillies,2025-06-16 22:41:00+00:00,batter,Eric Wagaman,batter_home_runs,0.5,800.0
44b84f910c5ab8b6323d8fcc03e69477,Miami Marlins,Philadelphia Phillies,2025-06-16 22:41:00+00:00,batter,Dane Myers,batter_home_runs,0.5,800.0
44b84f910c5ab8b6323d8fcc03e69477,Miami Marlins,Philadelphia Phillies,2025-06-16 22:41:00+00:00,batter,Brandon Marsh,batter_home_runs,0.5,800.0
44b84f910c5ab8b6323d8fcc03e69477,Miami Marlins,Philadelphia Phillies,2025-06-16 22:41:00+00:00,batter,Trea Turner,batter_home_runs,0.5,800.0
44b84f910c5ab8b6323d8fcc03e69477,Miami Marlins,Philadelphia Phillies,2025-06-16 22:41:00+00:00,batter,Otto Lopez,batter_home_runs,0.5,870.0
44b84f910c5ab8b6323d8fcc03e69477,Miami Marlins,Philadelphia Phillies,2025-06-16 22:41:00+00:00,batter,Liam Hicks,batter_home_runs,0.5,870.0
44b84f910c5ab8b6323d8fcc03e69477,Miami Marlins,Philadelphia Phillies,2025-06-16 22:41:00+00:00,batter,Alec Bohm,batter_home_runs,0.5,900.0
44b84f910c5ab8b6323d8fcc03e69477,Miami Marlins,Philadelphia Phillies,2025-06-16 22:41:00+00:00,batter,Otto Kemp,batter_home_runs,0.5,1000.0
44b84f910c5ab8b6323d8fcc03e69477,Miami Marlins,Philadelphia Phillies,2025-06-16 22:41:00+00:00,batter,Bryson Stott,batter_home_runs,0.5,1060.0
44b84f910c5ab8b6323d8fcc03e69477,Miami Marlins,Philadelphia Phillies,2025-06-16 22:41:00+00:00,batter,Xavier Edwards,batter_home_runs,0.5,2500.0
44b84f910c5ab8b6323d8fcc03e69477,Miami Marlins,Philadelphia Phillies,2025-06-16 22:41:00+00:00,batter,Trea Turner,batter_hits,1.5,145.0
44b84f910c5ab8b6323d8fcc03e69477,Miami Marlins,Philadelphia Phillies,2025-06-16 22:41:00+00:00,batter,Trea Turner,batter_hits,1.5,-200.0
44b84f910c5ab8b6323d8fcc03e69477,Miami Marlins,Philadelphia Phillies,2025-06-16 22:41:00+00:00,batter,Alec Bohm,batter_hits,1.5,165.0
44b84f910c5ab8b6323d8fcc03e69477,Miami Marlins,Philadelphia Phillies,2025-06-16 22:41:00+00:00,batter,Alec Bohm,batter_hits,1.5,-225.0
44b84f910c5ab8b6323d8fcc03e69477,Miami Marlins,Philadelphia Phillies,2025-06-16 22:41:00+00:00,batter,Xavier Edwards,batter_hits,1.5,180.0
44b84f910c5ab8b6323d8fcc03e69477,Miami Marlins,Philadelphia Phillies,2025-06-16 22:41:00+00:00,batter,Xavier Edwards,batter_hits,1.5,-245.0
44b84f910c5ab8b6323d8fcc03e69477,Miami Marlins,Philadelphia Phillies,2025-06-16 22:41:00+00:00,batter,Nick Castellanos,batter_hits,1.5,185.0
44b84f910c5ab8b6323d8fcc03e69477,Miami Marlins,Philadelphia Phillies,2025-06-16 22:41:00+00:00,batter,Nick Castellanos,batter_hits,1.5,-255.0
44b84f910c5ab8b6323d8fcc03e69477,Miami Marlins,Philadelphia Phillies,2025-06-16 22:41:00+00:00,batter,Otto Lopez,batter_hits,0.5,-270.0
44b84f910c5ab8b6323d8fcc03e69477,Miami Marlins,Philadelphia Phillies,2025-06-16 22:41:00+00:00,batter,Otto Lopez,batter_hits,0.5,195.0
44b84f910c5ab8b6323d8fcc03e69477,Miami Marlins,Philadelphia Phillies,2025-06-16 22:41:00+00:00,batter,Agustín Ramírez,batter_hits,0.5,-265.0
44b84f910c5ab8b6323d8fcc03e69477,Miami Marlins,Philadelphia Phillies,2025-06-16 22:41:00+00:00,batter,Agustín Ramírez,batter_hits,0.5,195.0
44b84f910c5ab8b6323d8fcc03e69477,Miami Marlins,Philadelphia Phillies,2025-06-16 22:41:00+00:00,batter,J.T. Realmuto,batter_hits,0.5,-245.0
44b84f910c5ab8b6323d8fcc03e69477,Miami Marlins,Philadelphia Phillies,2025-06-16 22:41:00+00:00,batter,J.T. Realmuto,batter_hits,0.5,180.0
44b84f910c5ab8b6323d8fcc03e69477,Miami Marlins,Philadelphia Phillies,2025-06-16 22:41:00+00:00,batter,Jesus Sanchez,batter_hits,0.5,-230.0
44b84f910c5ab8b6323d8fcc03e69477,Miami Marlins,Philadelphia Phillies,2025-06-16 22:41:00+00:00,batter,Jesus Sanchez,batter_hits,0.5,170.0
44b84f910c5ab8b6323d8fcc03e69477,Miami Marlins,Philadelphia Phillies,2025-06-16 22:41:00+00:00,batter,Bryson Stott,batter_hits,0.5,-200.0
44b84f910c5ab8b6323d8fcc03e69477,Miami Marlins,Philadelphia Phillies,2025-06-16 22:41:00+00:00,batter,Bryson Stott,batter_hits,0.5,145.0
44b84f910c5ab8b6323d8fcc03e69477,Miami Marlins,Philadelphia Phillies,2025-06-16 22:41:00+00:00,batter,Max Kepler,batter_hits,0.5,-200.0
44b84f910c5ab8b6323d8fcc03e69477,Miami Marlins,Philadelphia Phillies,2025-06-16 22:41:00+00:00,batter,Max Kepler,batter_hits,0.5,145.0
44b84f910c5ab8b6323d8fcc03e69477,Miami Marlins,Philadelphia Phillies,2025-06-16 22:41:00+00:00,batter,Brandon Marsh,batter_hits,0.5,-190.0
44b84f910c5ab8b6323d8fcc03e69477,Miami Marlins,Philadelphia Phillies,2025-06-16 22:41:00+00:00,batter,Brandon Marsh,batter_hits,0.5,140.0
44b84f910c5ab8b6323d8fcc03e69477,Miami Marlins,Philadelphia Phillies,2025-06-16 22:41:00+00:00,batter,Eric Wagaman,batter_hits,0.5,-190.0
44b84f910c5ab8b6323d8fcc03e69477,Miami Marlins,Philadelphia Phillies,2025-06-16 22:41:00+00:00,batter,Eric Wagaman,batter_hits,0.5,140.0
44b84f910c5ab8b6323d8fcc03e69477,Miami Marlins,Philadelphia Phillies,2025-06-16 22:41:00+00:00,batter,Kyle Stowers,batter_hits,0.5,-190.0
44b84f910c5ab8b6323d8fcc03e69477,Miami Marlins,Philadelphia Phillies,2025-06-16 22:41:00+00:00,batter,Kyle Stowers,batter_hits,0.5,140.0
44b84f910c5ab8b6323d8fcc03e69477,Miami Marlins,Philadelphia Phillies,2025-06-16 22:41:00+00:00,batter,Kyle Schwarber,batter_hits,0.5,-185.0
44b84f910c5ab8b6323d8fcc03e69477,Miami Marlins,Philadelphia Phillies,2025-06-16 22:41:00+00:00,batter,Kyle Schwarber,batter_hits,0.5,135.0
44b84f910c5ab8b6323d8fcc03e69477,Miami Marlins,Philadelphia Phillies,2025-06-16 22:41:00+00:00,batter,Connor Norby,batter_hits,0.5,-175.0
44b84f910c5ab8b6323d8fcc03e69477,Miami Marlins,Philadelphia Phillies,2025-06-16 22:41:00+00:00,batter,Connor Norby,batter_hits,0.5,130.0
44b84f910c5ab8b6323d8fcc03e69477,Miami Marlins,Philadelphia Phillies,2025-06-16 22:41:00+00:00,batter,Otto Kemp,batter_hits,0.5,-175.0
44b84f910c5ab8b6323d8fcc03e69477,Miami Marlins,Philadelphia Phillies,2025-06-16 22:41:00+00:00,batter,Otto Kemp,batter_hits,0.5,130.0
44b84f910c5ab8b6323d8fcc03e69477,Miami Marlins,Philadelphia Phillies,2025-06-16 22:41:00+00:00,batter,Dane Myers,batter_hits,0.5,-170.0
44b84f910c5ab8b6323d8fcc03e69477,Miami Marlins,Philadelphia Phillies,2025-06-16 22:41:00+00:00,batter,Dane Myers,batter_hits,0.5,125.0
44b84f910c5ab8b6323d8fcc03e69477,Miami Marlins,Philadelphia Phillies,2025-06-16 22:41:00+00:00,batter,Liam Hicks,batter_hits,0.5,-165.0
44b84f910c5ab8b6323d8fcc03e69477,Miami Marlins,Philadelphia Phillies,2025-06-16 22:41:00+00:00,batter,Liam Hicks,batter_hits,0.5,120.0
4f704702fabeaa11850683f4b764f5b6,Washington Nationals,Colorado Rockies,2025-06-16 22:46:00+00:00,team,h2h baltimore orioles,h2h,,
4f704702fabeaa11850683f4b764f5b6,Washington Nationals,Colorado Rockies,2025-06-16 22:46:00+00:00,team,h2h tampa bay rays,h2h,,
4f704702fabeaa11850683f4b764f5b6,Washington Nationals,Colorado Rockies,2025-06-16 22:46:00+00:00,team,spreads baltimore orioles,spreads,,
4f704702fabeaa11850683f4b764f5b6,Washington Nationals,Colorado Rockies,2025-06-16 22:46:00+00:00,team,spreads tampa bay rays,spreads,,
4f704702fabeaa11850683f4b764f5b6,Washington Nationals,Colorado Rockies,2025-06-16 22:46:00+00:00,team,totals over,totals,9.0,-103.0
4f704702fabeaa11850683f4b764f5b6,Washington Nationals,Colorado Rockies,2025-06-16 22:46:00+00:00,team,totals under,totals,9.0,-117.0
4f704702fabeaa11850683f4b764f5b6,Washington Nationals,Colorado Rockies,2025-06-16 22:46:00+00:00,team,h2h los angeles dodgers,h2h,,
4f704702fabeaa11850683f4b764f5b6,Washington Nationals,Colorado Rockies,2025-06-16 22:46:00+00:00,team,h2h san diego padres,h2h,,
4f704702fabeaa11850683f4b764f5b6,Washington Nationals,Colorado Rockies,2025-06-16 22:46:00+00:00,team,spreads los angeles dodgers,spreads,,
4f704702fabeaa11850683f4b764f5b6,Washington Nationals,Colorado Rockies,2025-06-16 22:46:00+00:00,team,spreads san diego padres,spreads,,
4f704702fabeaa11850683f4b764f5b6,Washington Nationals,Colorado Rockies,2025-06-16 22:46:00+00:00,team,h2h miami marlins,h2h,,
4f704702fabeaa11850683f4b764f5b6,Washington Nationals,Colorado Rockies,2025-06-16 22:46:00+00:00,team,h2h philadelphia phillies,h2h,,
4f704702fabeaa11850683f4b764f5b6,Washington Nationals,Colorado Rockies,2025-06-16 22:46:00+00:00,team,spreads miami marlins,spreads,,
4f704702fabeaa11850683f4b764f5b6,Washington Nationals,Colorado Rockies,2025-06-16 22:46:00+00:00,team,spreads philadelphia phillies,spreads,,
4f704702fabeaa11850683f4b764f5b6,Washington Nationals,Colorado Rockies,2025-06-16 22:46:00+00:00,team,h2h colorado rockies,h2h,,168.0
4f704702fabeaa11850683f4b764f5b6,Washington Nationals,Colorado Rockies,2025-06-16 22:46:00+00:00,team,h2h washington nationals,h2h,,-207.0
4f704702fabeaa11850683f4b764f5b6,Washington Nationals,Colorado Rockies,2025-06-16 22:46:00+00:00,team,spreads colorado rockies,spreads,1.5,-121.0
4f704702fabeaa11850683f4b764f5b6,Washington Nationals,Colorado Rockies,2025-06-16 22:46:00+00:00,team,spreads washington nationals,spreads,-1.5,-101.0
4f704702fabeaa11850683f4b764f5b6,Washington Nationals,Colorado Rockies,2025-06-16 22:46:00+00:00,team,h2h boston red sox,h2h,,
4f704702fabeaa11850683f4b764f5b6,Washington Nationals,Colorado Rockies,2025-06-16 22:46:00+00:00,team,h2h seattle mariners,h2h,,
4f704702fabeaa11850683f4b764f5b6,Washington Nationals,Colorado Rockies,2025-06-16 22:46:00+00:00,team,spreads boston red sox,spreads,,
4f704702fabeaa11850683f4b764f5b6,Washington Nationals,Colorado Rockies,2025-06-16 22:46:00+00:00,team,spreads seattle mariners,spreads,,
4f704702fabeaa11850683f4b764f5b6,Washington Nationals,Colorado Rockies,2025-06-16 22:46:00+00:00,team,h2h los angeles angels,h2h,,
4f704702fabeaa11850683f4b764f5b6,Washington Nationals,Colorado Rockies,2025-06-16 22:46:00+00:00,team,h2h new york yankees,h2h,,
4f704702fabeaa11850683f4b764f5b6,Washington Nationals,Colorado Rockies,2025-06-16 22:46:00+00:00,team,spreads los angeles angels,spreads,,
4f704702fabeaa11850683f4b764f5b6,Washington Nationals,Colorado Rockies,2025-06-16 22:46:00+00:00,team,spreads new york yankees,spreads,,
4f704702fabeaa11850683f4b764f5b6,Washington Nationals,Colorado Rockies,2025-06-16 22:46:00+00:00,pitcher,Jake Irvin,pitcher_strikeouts,5.5,105.0
4f704702fabeaa11850683f4b764f5b6,Washington Nationals,Colorado Rockies,2025-06-16 22:46:00+00:00,pitcher,Jake Irvin,pitcher_strikeouts,5.5,-135.0
4f704702fabeaa11850683f4b764f5b6,Washington Nationals,Colorado Rockies,2025-06-16 22:46:00+00:00,pitcher,Carson Palmquist,pitcher_strikeouts,3.5,-140.0
4f704702fabeaa11850683f4b764f5b6,Washington Nationals,Colorado Rockies,2025-06-16 22:46:00+00:00,pitcher,Carson Palmquist,pitcher_strikeouts,3.5,105.0
4f704702fabeaa11850683f4b764f5b6,Washington Nationals,Colorado Rockies,2025-06-16 22:46:00+00:00,batter,Amed Rosario,batter_hits,1.5,150.0
4f704702fabeaa11850683f4b764f5b6,Washington Nationals,Colorado Rockies,2025-06-16 22:46:00+00:00,batter,Amed Rosario,batter_hits,1.5,-205.0
4f704702fabeaa11850683f4b764f5b6,Washington Nationals,Colorado Rockies,2025-06-16 22:46:00+00:00,batter,CJ Abrams,batter_hits,1.5,195.0
4f704702fabeaa11850683f4b764f5b6,Washington Nationals,Colorado Rockies,2025-06-16 22:46:00+00:00,batter,CJ Abrams,batter_hits,1.5,-265.0
4f704702fabeaa11850683f4b764f5b6,Washington Nationals,Colorado Rockies,2025-06-16 22:46:00+00:00,batter,Hunter Goodman,batter_hits,0.5,-255.0
4f704702fabeaa11850683f4b764f5b6,Washington Nationals,Colorado Rockies,2025-06-16 22:46:00+00:00,batter,Hunter Goodman,batter_hits,0.5,185.0
4f704702fabeaa11850683f4b764f5b6,Washington Nationals,Colorado Rockies,2025-06-16 22:46:00+00:00,batter,James Wood,batter_hits,0.5,-255.0
4f704702fabeaa11850683f4b764f5b6,Washington Nationals,Colorado Rockies,2025-06-16 22:46:00+00:00,batter,James Wood,batter_hits,0.5,185.0
4f704702fabeaa11850683f4b764f5b6,Washington Nationals,Colorado Rockies,2025-06-16 22:46:00+00:00,batter,Jordan Beck,batter_hits,0.5,-235.0
4f704702fabeaa11850683f4b764f5b6,Washington Nationals,Colorado Rockies,2025-06-16 22:46:00+00:00,batter,Jordan Beck,batter_hits,0.5,170.0
4f704702fabeaa11850683f4b764f5b6,Washington Nationals,Colorado Rockies,2025-06-16 22:46:00+00:00,batter,Keibert Ruiz,batter_hits,0.5,-230.0
4f704702fabeaa11850683f4b764f5b6,Washington Nationals,Colorado Rockies,2025-06-16 22:46:00+00:00,batter,Keibert Ruiz,batter_hits,0.5,170.0
4f704702fabeaa11850683f4b764f5b6,Washington Nationals,Colorado Rockies,2025-06-16 22:46:00+00:00,batter,Josh Bell,batter_hits,0.5,-225.0
4f704702fabeaa11850683f4b764f5b6,Washington Nationals,Colorado Rockies,2025-06-16 22:46:00+00:00,batter,Josh Bell,batter_hits,0.5,165.0
4f704702fabeaa11850683f4b764f5b6,Washington Nationals,Colorado Rockies,2025-06-16 22:46:00+00:00,batter,Nathaniel Lowe,batter_hits,0.5,-220.0
4f704702fabeaa11850683f4b764f5b6,Washington Nationals,Colorado Rockies,2025-06-16 22:46:00+00:00,batter,Nathaniel Lowe,batter_hits,0.5,160.0
4f704702fabeaa11850683f4b764f5b6,Washington Nationals,Colorado Rockies,2025-06-16 22:46:00+00:00,batter,Thairo Estrada,batter_hits,0.5,-210.0
4f704702fabeaa11850683f4b764f5b6,Washington Nationals,Colorado Rockies,2025-06-16 22:46:00+00:00,batter,Thairo Estrada,batter_hits,0.5,155.0
4f704702fabeaa11850683f4b764f5b6,Washington Nationals,Colorado Rockies,2025-06-16 22:46:00+00:00,batter,Alex Call,batter_hits,0.5,-200.0
4f704702fabeaa11850683f4b764f5b6,Washington Nationals,Colorado Rockies,2025-06-16 22:46:00+00:00,batter,Alex Call,batter_hits,0.5,145.0
4f704702fabeaa11850683f4b764f5b6,Washington Nationals,Colorado Rockies,2025-06-16 22:46:00+00:00,batter,Ryan McMahon,batter_hits,0.5,-195.0
4f704702fabeaa11850683f4b764f5b6,Washington Nationals,Colorado Rockies,2025-06-16 22:46:00+00:00,batter,Ryan McMahon,batter_hits,0.5,145.0
4f704702fabeaa11850683f4b764f5b6,Washington Nationals,Colorado Rockies,2025-06-16 22:46:00+00:00,batter,Robert Hassell III,batter_hits,0.5,-170.0
4f704702fabeaa11850683f4b764f5b6,Washington Nationals,Colorado Rockies,2025-06-16 22:46:00+00:00,batter,Robert Hassell III,batter_hits,0.5,125.0
4f704702fabeaa11850683f4b764f5b6,Washington Nationals,Colorado Rockies,2025-06-16 22:46:00+00:00,batter,Mickey Moniak,batter_hits,0.5,-165.0
4f704702fabeaa11850683f4b764f5b6,Washington Nationals,Colorado Rockies,2025-06-16 22:46:00+00:00,batter,Mickey Moniak,batter_hits,0.5,125.0
4f704702fabeaa11850683f4b764f5b6,Washington Nationals,Colorado Rockies,2025-06-16 22:46:00+00:00,batter,Brenton Doyle,batter_hits,0.5,-160.0
4f704702fabeaa11850683f4b764f5b6,Washington Nationals,Colorado Rockies,2025-06-16 22:46:00+00:00,batter,Brenton Doyle,batter_hits,0.5,120.0
4f704702fabeaa11850683f4b764f5b6,Washington Nationals,Colorado Rockies,2025-06-16 22:46:00+00:00,batter,Orlando Arcia,batter_hits,0.5,-160.0
4f704702fabeaa11850683f4b764f5b6,Washington Nationals,Colorado Rockies,2025-06-16 22:46:00+00:00,batter,Orlando Arcia,batter_hits,0.5,120.0
4f704702fabeaa11850683f4b764f5b6,Washington Nationals,Colorado Rockies,2025-06-16 22:46:00+00:00,batter,Ryan Ritter,batter_hits,0.5,-140.0
4f704702fabeaa11850683f4b764f5b6,Washington Nationals,Colorado Rockies,2025-06-16 22:46:00+00:00,batter,Ryan Ritter,batter_hits,0.5,100.0
60778e6618fc47da3c988e91ced39524,Seattle Mariners,Boston Red Sox,2025-06-17 01:41:00+00:00,team,h2h baltimore orioles,h2h,,
60778e6618fc47da3c988e91ced39524,Seattle Mariners,Boston Red Sox,2025-06-17 01:41:00+00:00,team,h2h tampa bay rays,h2h,,
60778e6618fc47da3c988e91ced39524,Seattle Mariners,Boston Red Sox,2025-06-17 01:41:00+00:00,team,spreads baltimore orioles,spreads,,
60778e6618fc47da3c988e91ced39524,Seattle Mariners,Boston Red Sox,2025-06-17 01:41:00+00:00,team,spreads tampa bay rays,spreads,,
60778e6618fc47da3c988e91ced39524,Seattle Mariners,Boston Red Sox,2025-06-17 01:41:00+00:00,team,totals over,totals,7.5,101.0
60778e6618fc47da3c988e91ced39524,Seattle Mariners,Boston Red Sox,2025-06-17 01:41:00+00:00,team,totals under,totals,7.5,-123.0
60778e6618fc47da3c988e91ced39524,Seattle Mariners,Boston Red Sox,2025-06-17 01:41:00+00:00,team,h2h los angeles dodgers,h2h,,
60778e6618fc47da3c988e91ced39524,Seattle Mariners,Boston Red Sox,2025-06-17 01:41:00+00:00,team,h2h san diego padres,h2h,,
60778e6618fc47da3c988e91ced39524,Seattle Mariners,Boston Red Sox,2025-06-17 01:41:00+00:00,team,spreads los angeles dodgers,spreads,,
60778e6618fc47da3c988e91ced39524,Seattle Mariners,Boston Red Sox,2025-06-17 01:41:00+00:00,team,spreads san diego padres,spreads,,
60778e6618fc47da3c988e91ced39524,Seattle Mariners,Boston Red Sox,2025-06-17 01:41:00+00:00,team,h2h miami marlins,h2h,,
60778e6618fc47da3c988e91ced39524,Seattle Mariners,Boston Red Sox,2025-06-17 01:41:00+00:00,team,h2h philadelphia phillies,h2h,,
60778e6618fc47da3c988e91ced39524,Seattle Mariners,Boston Red Sox,2025-06-17 01:41:00+00:00,team,spreads miami marlins,spreads,,
60778e6618fc47da3c988e91ced39524,Seattle Mariners,Boston Red Sox,2025-06-17 01:41:00+00:00,team,spreads philadelphia phillies,spreads,,
60778e6618fc47da3c988e91ced39524,Seattle Mariners,Boston Red Sox,2025-06-17 01:41:00+00:00,team,h2h colorado rockies,h2h,,
60778e6618fc47da3c988e91ced39524,Seattle Mariners,Boston Red Sox,2025-06-17 01:41:00+00:00,team,h2h washington nationals,h2h,,
60778e6618fc47da3c988e91ced39524,Seattle Mariners,Boston Red Sox,2025-06-17 01:41:00+00:00,team,spreads colorado rockies,spreads,,
60778e6618fc47da3c988e91ced39524,Seattle Mariners,Boston Red Sox,2025-06-17 01:41:00+00:00,team,spreads washington nationals,spreads,,
60778e6618fc47da3c988e91ced39524,Seattle Mariners,Boston Red Sox,2025-06-17 01:41:00+00:00,team,h2h boston red sox,h2h,,149.0
60778e6618fc47da3c988e91ced39524,Seattle Mariners,Boston Red Sox,2025-06-17 01:41:00+00:00,team,h2h seattle mariners,h2h,,-182.0
60778e6618fc47da3c988e91ced39524,Seattle Mariners,Boston Red Sox,2025-06-17 01:41:00+00:00,team,spreads boston red sox,spreads,1.5,-150.0
60778e6618fc47da3c988e91ced39524,Seattle Mariners,Boston Red Sox,2025-06-17 01:41:00+00:00,team,spreads seattle mariners,spreads,-1.5,123.0
60778e6618fc47da3c988e91ced39524,Seattle Mariners,Boston Red Sox,2025-06-17 01:41:00+00:00,team,h2h los angeles angels,h2h,,
60778e6618fc47da3c988e91ced39524,Seattle Mariners,Boston Red Sox,2025-06-17 01:41:00+00:00,team,h2h new york yankees,h2h,,
60778e6618fc47da3c988e91ced39524,Seattle Mariners,Boston Red Sox,2025-06-17 01:41:00+00:00,team,spreads los angeles angels,spreads,,
60778e6618fc47da3c988e91ced39524,Seattle Mariners,Boston Red Sox,2025-06-17 01:41:00+00:00,team,spreads new york yankees,spreads,,
60778e6618fc47da3c988e91ced39524,Seattle Mariners,Boston Red Sox,2025-06-17 01:41:00+00:00,pitcher,Logan Gilbert,pitcher_strikeouts,5.5,-180.0
60778e6618fc47da3c988e91ced39524,Seattle Mariners,Boston Red Sox,2025-06-17 01:41:00+00:00,pitcher,Logan Gilbert,pitcher_strikeouts,5.5,140.0
60778e6618fc47da3c988e91ced39524,Seattle Mariners,Boston Red Sox,2025-06-17 01:41:00+00:00,pitcher,Lucas Giolito,pitcher_strikeouts,5.5,110.0
60778e6618fc47da3c988e91ced39524,Seattle Mariners,Boston Red Sox,2025-06-17 01:41:00+00:00,pitcher,Lucas Giolito,pitcher_strikeouts,5.5,-145.0
60778e6618fc47da3c988e91ced39524,Seattle Mariners,Boston Red Sox,2025-06-17 01:41:00+00:00,batter,Julio Rodriguez,batter_hits,1.5,195.0
60778e6618fc47da3c988e91ced39524,Seattle Mariners,Boston Red Sox,2025-06-17 01:41:00+00:00,batter,Julio Rodriguez,batter_hits,1.5,-270.0
60778e6618fc47da3c988e91ced39524,Seattle Mariners,Boston Red Sox,2025-06-17 01:41:00+00:00,batter,Jarren Duran,batter_hits,0.5,-200.0
60778e6618fc47da3c988e91ced39524,Seattle Mariners,Boston Red Sox,2025-06-17 01:41:00+00:00,batter,Jarren Duran,batter_hits,0.5,150.0
60778e6618fc47da3c988e91ced39524,Seattle Mariners,Boston Red Sox,2025-06-17 01:41:00+00:00,batter,J.P. Crawford,batter_hits,0.5,-190.0
60778e6618fc47da3c988e91ced39524,Seattle Mariners,Boston Red Sox,2025-06-17 01:41:00+00:00,batter,J.P. Crawford,batter_hits,0.5,140.0
60778e6618fc47da3c988e91ced39524,Seattle Mariners,Boston Red Sox,2025-06-17 01:41:00+00:00,batter,Cal Raleigh,batter_hits,0.5,-170.0
60778e6618fc47da3c988e91ced39524,Seattle Mariners,Boston Red Sox,2025-06-17 01:41:00+00:00,batter,Cal Raleigh,batter_hits,0.5,125.0
60778e6618fc47da3c988e91ced39524,Seattle Mariners,Boston Red Sox,2025-06-17 01:41:00+00:00,batter,Abraham Toro,batter_hits,0.5,-165.0
60778e6618fc47da3c988e91ced39524,Seattle Mariners,Boston Red Sox,2025-06-17 01:41:00+00:00,batter,Abraham Toro,batter_hits,0.5,125.0
60778e6618fc47da3c988e91ced39524,Seattle Mariners,Boston Red Sox,2025-06-17 01:41:00+00:00,batter,Jorge Polanco,batter_hits,0.5,-165.0
60778e6618fc47da3c988e91ced39524,Seattle Mariners,Boston Red Sox,2025-06-17 01:41:00+00:00,batter,Jorge Polanco,batter_hits,0.5,120.0
60778e6618fc47da3c988e91ced39524,Seattle Mariners,Boston Red Sox,2025-06-17 01:41:00+00:00,batter,Randy Arozarena,batter_hits,0.5,-160.0
60778e6618fc47da3c988e91ced39524,Seattle Mariners,Boston Red Sox,2025-06-17 01:41:00+00:00,batter,Randy Arozarena,batter_hits,0.5,120.0
60778e6618fc47da3c988e91ced39524,Seattle Mariners,Boston Red Sox,2025-06-17 01:41:00+00:00,batter,Ben Williamson,batter_hits,0.5,-145.0
60778e6618fc47da3c988e91ced39524,Seattle Mariners,Boston Red Sox,2025-06-17 01:41:00+00:00,batter,Ben Williamson,batter_hits,0.5,110.0
60778e6618fc47da3c988e91ced39524,Seattle Mariners,Boston Red Sox,2025-06-17 01:41:00+00:00,batter,Carlos Narvaez,batter_hits,0.5,-140.0
60778e6618fc47da3c988e91ced39524,Seattle Mariners,Boston Red Sox,2025-06-17 01:41:00+00:00,batter,Carlos Narvaez,batter_hits,0.5,100.0
60778e6618fc47da3c988e91ced39524,Seattle Mariners,Boston Red Sox,2025-06-17 01:41:00+00:00,batter,Dominic Canzone,batter_hits,0.5,-140.0
60778e6618fc47da3c988e91ced39524,Seattle Mariners,Boston Red Sox,2025-06-17 01:41:00+00:00,batter,Dominic Canzone,batter_hits,0.5,100.0
60778e6618fc47da3c988e91ced39524,Seattle Mariners,Boston Red Sox,2025-06-17 01:41:00+00:00,batter,Trevor Story,batter_hits,0.5,-140.0
60778e6618fc47da3c988e91ced39524,Seattle Mariners,Boston Red Sox,2025-06-17 01:41:00+00:00,batter,Trevor Story,batter_hits,0.5,105.0
60778e6618fc47da3c988e91ced39524,Seattle Mariners,Boston Red Sox,2025-06-17 01:41:00+00:00,batter,Ceddanne Rafaela,batter_hits,0.5,-135.0
60778e6618fc47da3c988e91ced39524,Seattle Mariners,Boston Red Sox,2025-06-17 01:41:00+00:00,batter,Ceddanne Rafaela,batter_hits,0.5,100.0
60778e6618fc47da3c988e91ced39524,Seattle Mariners,Boston Red Sox,2025-06-17 01:41:00+00:00,batter,Connor Wong,batter_hits,0.5,-135.0
60778e6618fc47da3c988e91ced39524,Seattle Mariners,Boston Red Sox,2025-06-17 01:41:00+00:00,batter,Connor Wong,batter_hits,0.5,100.0
60778e6618fc47da3c988e91ced39524,Seattle Mariners,Boston Red Sox,2025-06-17 01:41:00+00:00,batter,Roman Anthony,batter_hits,0.5,-135.0
60778e6618fc47da3c988e91ced39524,Seattle Mariners,Boston Red Sox,2025-06-17 01:41:00+00:00,batter,Roman Anthony,batter_hits,0.5,100.0
60778e6618fc47da3c988e91ced39524,Seattle Mariners,Boston Red Sox,2025-06-17 01:41:00+00:00,batter,Marcelo Mayer,batter_hits,0.5,-120.0
60778e6618fc47da3c988e91ced39524,Seattle Mariners,Boston Red Sox,2025-06-17 01:41:00+00:00,batter,Marcelo Mayer,batter_hits,0.5,-110.0
60778e6618fc47da3c988e91ced39524,Seattle Mariners,Boston Red Sox,2025-06-17 01:41:00+00:00,batter,Rowdy Tellez,batter_hits,0.5,-120.0
60778e6618fc47da3c988e91ced39524,Seattle Mariners,Boston Red Sox,2025-06-17 01:41:00+00:00,batter,Rowdy Tellez,batter_hits,0.5,-115.0
60778e6618fc47da3c988e91ced39524,Seattle Mariners,Boston Red Sox,2025-06-17 01:41:00+00:00,batter,Cole Young,batter_hits,0.5,-110.0
60778e6618fc47da3c988e91ced39524,Seattle Mariners,Boston Red Sox,2025-06-17 01:41:00+00:00,batter,Cole Young,batter_hits,0.5,-120.0
60778e6618fc47da3c988e91ced39524,Seattle Mariners,Boston Red Sox,2025-06-17 01:41:00+00:00,batter,Kristian Campbell,batter_hits,0.5,-110.0
60778e6618fc47da3c988e91ced39524,Seattle Mariners,Boston Red Sox,2025-06-17 01:41:00+00:00,batter,Kristian Campbell,batter_hits,0.5,-125.0
f8b977a9a45a2c67182143d2a0294726,New York Yankees,Los Angeles Angels,2025-06-16 23:05:00+00:00,team,h2h baltimore orioles,h2h,,
f8b977a9a45a2c67182143d2a0294726,New York Yankees,Los Angeles Angels,2025-06-16 23:05:00+00:00,team,h2h tampa bay rays,h2h,,
f8b977a9a45a2c67182143d2a0294726,New York Yankees,Los Angeles Angels,2025-06-16 23:05:00+00:00,team,spreads baltimore orioles,spreads,,
f8b977a9a45a2c67182143d2a0294726,New York Yankees,Los Angeles Angels,2025-06-16 23:05:00+00:00,team,spreads tampa bay rays,spreads,,
f8b977a9a45a2c67182143d2a0294726,New York Yankees,Los Angeles Angels,2025-06-16 23:05:00+00:00,team,totals over,totals,8.5,-119.0
f8b977a9a45a2c67182143d2a0294726,New York Yankees,Los Angeles Angels,2025-06-16 23:05:00+00:00,team,totals under,totals,8.5,-102.0
f8b977a9a45a2c67182143d2a0294726,New York Yankees,Los Angeles Angels,2025-06-16 23:05:00+00:00,team,h2h los angeles dodgers,h2h,,
f8b977a9a45a2c67182143d2a0294726,New York Yankees,Los Angeles Angels,2025-06-16 23:05:00+00:00,team,h2h san diego padres,h2h,,
f8b977a9a45a2c67182143d2a0294726,New York Yankees,Los Angeles Angels,2025-06-16 23:05:00+00:00,team,spreads los angeles dodgers,spreads,,
f8b977a9a45a2c67182143d2a0294726,New York Yankees,Los Angeles Angels,2025-06-16 23:05:00+00:00,team,spreads san diego padres,spreads,,
f8b977a9a45a2c67182143d2a0294726,New York Yankees,Los Angeles Angels,2025-06-16 23:05:00+00:00,team,h2h miami marlins,h2h,,
f8b977a9a45a2c67182143d2a0294726,New York Yankees,Los Angeles Angels,2025-06-16 23:05:00+00:00,team,h2h philadelphia phillies,h2h,,
f8b977a9a45a2c67182143d2a0294726,New York Yankees,Los Angeles Angels,2025-06-16 23:05:00+00:00,team,spreads miami marlins,spreads,,
f8b977a9a45a2c67182143d2a0294726,New York Yankees,Los Angeles Angels,2025-06-16 23:05:00+00:00,team,spreads philadelphia phillies,spreads,,
f8b977a9a45a2c67182143d2a0294726,New York Yankees,Los Angeles Angels,2025-06-16 23:05:00+00:00,team,h2h colorado rockies,h2h,,
f8b977a9a45a2c67182143d2a0294726,New York Yankees,Los Angeles Angels,2025-06-16 23:05:00+00:00,team,h2h washington nationals,h2h,,
f8b977a9a45a2c67182143d2a0294726,New York Yankees,Los Angeles Angels,2025-06-16 23:05:00+00:00,team,spreads colorado rockies,spreads,,
f8b977a9a45a2c67182143d2a0294726,New York Yankees,Los Angeles Angels,2025-06-16 23:05:00+00:00,team,spreads washington nationals,spreads,,
f8b977a9a45a2c67182143d2a0294726,New York Yankees,Los Angeles Angels,2025-06-16 23:05:00+00:00,team,h2h boston red sox,h2h,,
f8b977a9a45a2c67182143d2a0294726,New York Yankees,Los Angeles Angels,2025-06-16 23:05:00+00:00,team,h2h seattle mariners,h2h,,
f8b977a9a45a2c67182143d2a0294726,New York Yankees,Los Angeles Angels,2025-06-16 23:05:00+00:00,team,spreads boston red sox,spreads,,
f8b977a9a45a2c67182143d2a0294726,New York Yankees,Los Angeles Angels,2025-06-16 23:05:00+00:00,team,spreads seattle mariners,spreads,,
f8b977a9a45a2c67182143d2a0294726,New York Yankees,Los Angeles Angels,2025-06-16 23:05:00+00:00,team,h2h los angeles angels,h2h,,168.0
f8b977a9a45a2c67182143d2a0294726,New York Yankees,Los Angeles Angels,2025-06-16 23:05:00+00:00,team,h2h new york yankees,h2h,,-207.0
f8b977a9a45a2c67182143d2a0294726,New York Yankees,Los Angeles Angels,2025-06-16 23:05:00+00:00,team,spreads los angeles angels,spreads,1.5,-124.0
f8b977a9a45a2c67182143d2a0294726,New York Yankees,Los Angeles Angels,2025-06-16 23:05:00+00:00,team,spreads new york yankees,spreads,-1.5,102.0
f8b977a9a45a2c67182143d2a0294726,New York Yankees,Los Angeles Angels,2025-06-16 23:05:00+00:00,pitcher,Jose Soriano,pitcher_strikeouts,4.5,-118.0
f8b977a9a45a2c67182143d2a0294726,New York Yankees,Los Angeles Angels,2025-06-16 23:05:00+00:00,pitcher,Jose Soriano,pitcher_strikeouts,4.5,-112.0
f8b977a9a45a2c67182143d2a0294726,New York Yankees,Los Angeles Angels,2025-06-16 23:05:00+00:00,pitcher,Clarke Schmidt,pitcher_strikeouts,6.5,116.0
f8b977a9a45a2c67182143d2a0294726,New York Yankees,Los Angeles Angels,2025-06-16 23:05:00+00:00,pitcher,Clarke Schmidt,pitcher_strikeouts,6.5,-146.0
f8b977a9a45a2c67182143d2a0294726,New York Yankees,Los Angeles Angels,2025-06-16 23:05:00+00:00,pitcher,Clarke Schmidt,pitcher_strikeouts,6.5,110.0
f8b977a9a45a2c67182143d2a0294726,New York Yankees,Los Angeles Angels,2025-06-16 23:05:00+00:00,pitcher,Clarke Schmidt,pitcher_strikeouts,6.5,-145.0
f8b977a9a45a2c67182143d2a0294726,New York Yankees,Los Angeles Angels,2025-06-16 23:05:00+00:00,batter,Aaron Judge,batter_hits,1.5,240.0
f8b977a9a45a2c67182143d2a0294726,New York Yankees,Los Angeles Angels,2025-06-16 23:05:00+00:00,batter,Cody Bellinger,batter_hits,1.5,250.0
f8b977a9a45a2c67182143d2a0294726,New York Yankees,Los Angeles Angels,2025-06-16 23:05:00+00:00,batter,Paul Goldschmidt,batter_hits,1.5,270.0
f8b977a9a45a2c67182143d2a0294726,New York Yankees,Los Angeles Angels,2025-06-16 23:05:00+00:00,batter,Ben Rice,batter_hits,1.5,270.0
f8b977a9a45a2c67182143d2a0294726,New York Yankees,Los Angeles Angels,2025-06-16 23:05:00+00:00,batter,Nolan Schanuel,batter_hits,1.5,290.0
f8b977a9a45a2c67182143d2a0294726,New York Yankees,Los Angeles Angels,2025-06-16 23:05:00+00:00,batter,Zach Neto,batter_hits,1.5,290.0
f8b977a9a45a2c67182143d2a0294726,New York Yankees,Los Angeles Angels,2025-06-16 23:05:00+00:00,batter,Anthony Volpe,batter_hits,1.5,330.0
f8b977a9a45a2c67182143d2a0294726,New York Yankees,Los Angeles Angels,2025-06-16 23:05:00+00:00,batter,Mike Trout,batter_hits,1.5,350.0
f8b977a9a45a2c67182143d2a0294726,New York Yankees,Los Angeles Angels,2025-06-16 23:05:00+00:00,batter,Luis Rengifo,batter_hits,1.5,370.0
f8b977a9a45a2c67182143d2a0294726,New York Yankees,Los Angeles Angels,2025-06-16 23:05:00+00:00,batter,Trent Grisham,batter_hits,1.5,370.0
f8b977a9a45a2c67182143d2a0294726,New York Yankees,Los Angeles Angels,2025-06-16 23:05:00+00:00,batter,Jazz Chisholm Jr.,batter_hits,1.5,380.0
f8b977a9a45a2c67182143d2a0294726,New York Yankees,Los Angeles Angels,2025-06-16 23:05:00+00:00,batter,Logan O'Hoppe,batter_hits,1.5,390.0
f8b977a9a45a2c67182143d2a0294726,New York Yankees,Los Angeles Angels,2025-06-16 23:05:00+00:00,batter,Taylor Ward,batter_hits,1.5,400.0
f8b977a9a45a2c67182143d2a0294726,New York Yankees,Los Angeles Angels,2025-06-16 23:05:00+00:00,batter,Jorge Soler,batter_hits,1.5,420.0
f8b977a9a45a2c67182143d2a0294726,New York Yankees,Los Angeles Angels,2025-06-16 23:05:00+00:00,batter,Austin Wells,batter_hits,1.5,420.0
f8b977a9a45a2c67182143d2a0294726,New York Yankees,Los Angeles Angels,2025-06-16 23:05:00+00:00,batter,DJ LeMahieu,batter_hits,1.5,440.0
f8b977a9a45a2c67182143d2a0294726,New York Yankees,Los Angeles Angels,2025-06-16 23:05:00+00:00,batter,Jo Adell,batter_hits,1.5,460.0
f8b977a9a45a2c67182143d2a0294726,New York Yankees,Los Angeles Angels,2025-06-16 23:05:00+00:00,batter,Christian Moore,batter_hits,1.5,550.0
f8b977a9a45a2c67182143d2a0294726,New York Yankees,Los Angeles Angels,2025-06-16 23:05:00+00:00,batter,Aaron Judge,batter_hits,2.5,1200.0
f8b977a9a45a2c67182143d2a0294726,New York Yankees,Los Angeles Angels,2025-06-16 23:05:00+00:00,batter,Cody Bellinger,batter_hits,2.5,1300.0
f8b977a9a45a2c67182143d2a0294726,New York Yankees,Los Angeles Angels,2025-06-16 23:05:00+00:00,batter,Ben Rice,batter_hits,2.5,1400.0
f8b977a9a45a2c67182143d2a0294726,New York Yankees,Los Angeles Angels,2025-06-16 23:05:00+00:00,batter,Paul Goldschmidt,batter_hits,2.5,1400.0
f8b977a9a45a2c67182143d2a0294726,New York Yankees,Los Angeles Angels,2025-06-16 23:05:00+00:00,batter,Nolan Schanuel,batter_hits,2.5,1600.0
f8b977a9a45a2c67182143d2a0294726,New York Yankees,Los Angeles Angels,2025-06-16 23:05:00+00:00,batter,Zach Neto,batter_hits,2.5,1600.0
f8b977a9a45a2c67182143d2a0294726,New York Yankees,Los Angeles Angels,2025-06-16 23:05:00+00:00,batter,Mike Trout,batter_hits,2.5,2000.0
f8b977a9a45a2c67182143d2a0294726,New York Yankees,Los Angeles Angels,2025-06-16 23:05:00+00:00,batter,Anthony Volpe,batter_hits,2.5,2000.0
f8b977a9a45a2c67182143d2a0294726,New York Yankees,Los Angeles Angels,2025-06-16 23:05:00+00:00,batter,Trent Grisham,batter_hits,2.5,2300.0
f8b977a9a45a2c67182143d2a0294726,New York Yankees,Los Angeles Angels,2025-06-16 23:05:00+00:00,batter,Logan O'Hoppe,batter_hits,2.5,2300.0
f8b977a9a45a2c67182143d2a0294726,New York Yankees,Los Angeles Angels,2025-06-16 23:05:00+00:00,batter,Jazz Chisholm Jr.,batter_hits,2.5,2300.0
f8b977a9a45a2c67182143d2a0294726,New York Yankees,Los Angeles Angels,2025-06-16 23:05:00+00:00,batter,Taylor Ward,batter_hits,2.5,2400.0
f8b977a9a45a2c67182143d2a0294726,New York Yankees,Los Angeles Angels,2025-06-16 23:05:00+00:00,batter,Luis Rengifo,batter_hits,2.5,2500.0
f8b977a9a45a2c67182143d2a0294726,New York Yankees,Los Angeles Angels,2025-06-16 23:05:00+00:00,batter,Austin Wells,batter_hits,2.5,2500.0
f8b977a9a45a2c67182143d2a0294726,New York Yankees,Los Angeles Angels,2025-06-16 23:05:00+00:00,batter,Jorge Soler,batter_hits,2.5,2600.0
f8b977a9a45a2c67182143d2a0294726,New York Yankees,Los Angeles Angels,2025-06-16 23:05:00+00:00,batter,DJ LeMahieu,batter_hits,2.5,2900.0
f8b977a9a45a2c67182143d2a0294726,New York Yankees,Los Angeles Angels,2025-06-16 23:05:00+00:00,batter,Jo Adell,batter_hits,2.5,2900.0
f8b977a9a45a2c67182143d2a0294726,New York Yankees,Los Angeles Angels,2025-06-16 23:05:00+00:00,batter,Christian Moore,batter_hits,2.5,3500.0
f8b977a9a45a2c67182143d2a0294726,New York Yankees,Los Angeles Angels,2025-06-16 23:05:00+00:00,batter,Aaron Judge,batter_hits,0.5,-230.0
f8b977a9a45a2c67182143d2a0294726,New York Yankees,Los Angeles Angels,2025-06-16 23:05:00+00:00,batter,Cody Bellinger,batter_hits,0.5,-220.0
f8b977a9a45a2c67182143d2a0294726,New York Yankees,Los Angeles Angels,2025-06-16 23:05:00+00:00,batter,Paul Goldschmidt,batter_hits,0.5,-210.0
f8b977a9a45a2c67182143d2a0294726,New York Yankees,Los Angeles Angels,2025-06-16 23:05:00+00:00,batter,Ben Rice,batter_hits,0.5,-210.0
f8b977a9a45a2c67182143d2a0294726,New York Yankees,Los Angeles Angels,2025-06-16 23:05:00+00:00,batter,Zach Neto,batter_hits,0.5,-200.0
f8b977a9a45a2c67182143d2a0294726,New York Yankees,Los Angeles Angels,2025-06-16 23:05:00+00:00,batter,Nolan Schanuel,batter_hits,0.5,-185.0
f8b977a9a45a2c67182143d2a0294726,New York Yankees,Los Angeles Angels,2025-06-16 23:05:00+00:00,batter,Anthony Volpe,batter_hits,0.5,-175.0
f8b977a9a45a2c67182143d2a0294726,New York Yankees,Los Angeles Angels,2025-06-16 23:05:00+00:00,batter,Mike Trout,batter_hits,0.5,-175.0
f8b977a9a45a2c67182143d2a0294726,New York Yankees,Los Angeles Angels,2025-06-16 23:05:00+00:00,batter,Jazz Chisholm Jr.,batter_hits,0.5,-170.0
f8b977a9a45a2c67182143d2a0294726,New York Yankees,Los Angeles Angels,2025-06-16 23:05:00+00:00,batter,Luis Rengifo,batter_hits,0.5,-165.0
f8b977a9a45a2c67182143d2a0294726,New York Yankees,Los Angeles Angels,2025-06-16 23:05:00+00:00,batter,Trent Grisham,batter_hits,0.5,-160.0
f8b977a9a45a2c67182143d2a0294726,New York Yankees,Los Angeles Angels,2025-06-16 23:05:00+00:00,batter,Taylor Ward,batter_hits,0.5,-155.0
f8b977a9a45a2c67182143d2a0294726,New York Yankees,Los Angeles Angels,2025-06-16 23:05:00+00:00,batter,Logan O'Hoppe,batter_hits,0.5,-155.0
f8b977a9a45a2c67182143d2a0294726,New York Yankees,Los Angeles Angels,2025-06-16 23:05:00+00:00,batter,Jorge Soler,batter_hits,0.5,-150.0
f8b977a9a45a2c67182143d2a0294726,New York Yankees,Los Angeles Angels,2025-06-16 23:05:00+00:00,batter,DJ LeMahieu,batter_hits,0.5,-145.0
f8b977a9a45a2c67182143d2a0294726,New York Yankees,Los Angeles Angels,2025-06-16 23:05:00+00:00,batter,Austin Wells,batter_hits,0.5,-145.0
f8b977a9a45a2c67182143d2a0294726,New York Yankees,Los Angeles Angels,2025-06-16 23:05:00+00:00,batter,Jo Adell,batter_hits,0.5,-140.0
f8b977a9a45a2c67182143d2a0294726,New York Yankees,Los Angeles Angels,2025-06-16 23:05:00+00:00,batter,Christian Moore,batter_hits,0.5,-120.0
f8b977a9a45a2c67182143d2a0294726,New York Yankees,Los Angeles Angels,2025-06-16 23:05:00+00:00,batter,Mike Trout,batter_home_runs,0.5,340.0
f8b977a9a45a2c67182143d2a0294726,New York Yankees,Los Angeles Angels,2025-06-16 23:05:00+00:00,batter,Aaron Judge,batter_home_runs,0.5,390.0
f8b977a9a45a2c67182143d2a0294726,New York Yankees,Los Angeles Angels,2025-06-16 23:05:00+00:00,batter,Taylor Ward,batter_home_runs,0.5,430.0
f8b977a9a45a2c67182143d2a0294726,New York Yankees,Los Angeles Angels,2025-06-16 23:05:00+00:00,batter,Logan O'Hoppe,batter_home_runs,0.5,440.0
f8b977a9a45a2c67182143d2a0294726,New York Yankees,Los Angeles Angels,2025-06-16 23:05:00+00:00,batter,Jorge Soler,batter_home_runs,0.5,500.0
f8b977a9a45a2c67182143d2a0294726,New York Yankees,Los Angeles Angels,2025-06-16 23:05:00+00:00,batter,Zach Neto,batter_home_runs,0.5,500.0
f8b977a9a45a2c67182143d2a0294726,New York Yankees,Los Angeles Angels,2025-06-16 23:05:00+00:00,batter,Jo Adell,batter_home_runs,0.5,500.0
f8b977a9a45a2c67182143d2a0294726,New York Yankees,Los Angeles Angels,2025-06-16 23:05:00+00:00,batter,Ben Rice,batter_home_runs,0.5,520.0
f8b977a9a45a2c67182143d2a0294726,New York Yankees,Los Angeles Angels,2025-06-16 23:05:00+00:00,batter,Austin Wells,batter_home_runs,0.5,600.0
f8b977a9a45a2c67182143d2a0294726,New York Yankees,Los Angeles Angels,2025-06-16 23:05:00+00:00,batter,Cody Bellinger,batter_home_runs,0.5,630.0
f8b977a9a45a2c67182143d2a0294726,New York Yankees,Los Angeles Angels,2025-06-16 23:05:00+00:00,batter,Paul Goldschmidt,batter_home_runs,0.5,750.0
f8b977a9a45a2c67182143d2a0294726,New York Yankees,Los Angeles Angels,2025-06-16 23:05:00+00:00,batter,Jazz Chisholm Jr.,batter_home_runs,0.5,800.0
f8b977a9a45a2c67182143d2a0294726,New York Yankees,Los Angeles Angels,2025-06-16 23:05:00+00:00,batter,Trent Grisham,batter_home_runs,0.5,800.0
f8b977a9a45a2c67182143d2a0294726,New York Yankees,Los Angeles Angels,2025-06-16 23:05:00+00:00,batter,Christian Moore,batter_home_runs,0.5,900.0
f8b977a9a45a2c67182143d2a0294726,New York Yankees,Los Angeles Angels,2025-06-16 23:05:00+00:00,batter,Anthony Volpe,batter_home_runs,0.5,1000.0
f8b977a9a45a2c67182143d2a0294726,New York Yankees,Los Angeles Angels,2025-06-16 23:05:00+00:00,batter,Nolan Schanuel,batter_home_runs,0.5,1060.0
f8b977a9a45a2c67182143d2a0294726,New York Yankees,Los Angeles Angels,2025-06-16 23:05:00+00:00,batter,Luis Rengifo,batter_home_runs,0.5,1100.0
f8b977a9a45a2c67182143d2a0294726,New York Yankees,Los Angeles Angels,2025-06-16 23:05:00+00:00,batter,Paul Goldschmidt,batter_hits,0.5,-210.0
f8b977a9a45a2c67182143d2a0294726,New York Yankees,Los Angeles Angels,2025-06-16 23:05:00+00:00,batter,Paul Goldschmidt,batter_hits,0.5,155.0
f8b977a9a45a2c67182143d2a0294726,New York Yankees,Los Angeles Angels,2025-06-16 23:05:00+00:00,batter,Ben Rice,batter_hits,0.5,-205.0
f8b977a9a45a2c67182143d2a0294726,New York Yankees,Los Angeles Angels,2025-06-16 23:05:00+00:00,batter,Ben Rice,batter_hits,0.5,150.0
f8b977a9a45a2c67182143d2a0294726,New York Yankees,Los Angeles Angels,2025-06-16 23:05:00+00:00,batter,Cody Bellinger,batter_hits,0.5,-205.0
f8b977a9a45a2c67182143d2a0294726,New York Yankees,Los Angeles Angels,2025-06-16 23:05:00+00:00,batter,Cody Bellinger,batter_hits,0.5,150.0
f8b977a9a45a2c67182143d2a0294726,New York Yankees,Los Angeles Angels,2025-06-16 23:05:00+00:00,batter,Aaron Judge,batter_hits,0.5,-190.0
f8b977a9a45a2c67182143d2a0294726,New York Yankees,Los Angeles Angels,2025-06-16 23:05:00+00:00,batter,Aaron Judge,batter_hits,0.5,140.0
f8b977a9a45a2c67182143d2a0294726,New York Yankees,Los Angeles Angels,2025-06-16 23:05:00+00:00,batter,Anthony Volpe,batter_hits,0.5,-150.0
f8b977a9a45a2c67182143d2a0294726,New York Yankees,Los Angeles Angels,2025-06-16 23:05:00+00:00,batter,Anthony Volpe,batter_hits,0.5,110.0
f8b977a9a45a2c67182143d2a0294726,New York Yankees,Los Angeles Angels,2025-06-16 23:05:00+00:00,batter,DJ LeMahieu,batter_hits,0.5,-150.0
f8b977a9a45a2c67182143d2a0294726,New York Yankees,Los Angeles Angels,2025-06-16 23:05:00+00:00,batter,DJ LeMahieu,batter_hits,0.5,110.0
f8b977a9a45a2c67182143d2a0294726,New York Yankees,Los Angeles Angels,2025-06-16 23:05:00+00:00,batter,Trent Grisham,batter_hits,0.5,-150.0
f8b977a9a45a2c67182143d2a0294726,New York Yankees,Los Angeles Angels,2025-06-16 23:05:00+00:00,batter,Trent Grisham,batter_hits,0.5,110.0
f8b977a9a45a2c67182143d2a0294726,New York Yankees,Los Angeles Angels,2025-06-16 23:05:00+00:00,batter,Austin Wells,batter_hits,0.5,-140.0
f8b977a9a45a2c67182143d2a0294726,New York Yankees,Los Angeles Angels,2025-06-16 23:05:00+00:00,batter,Austin Wells,batter_hits,0.5,105.0
f8b977a9a45a2c67182143d2a0294726,New York Yankees,Los Angeles Angels,2025-06-16 23:05:00+00:00,batter,Jazz Chisholm Jr.,batter_hits,0.5,-135.0
f8b977a9a45a2c67182143d2a0294726,New York Yankees,Los Angeles Angels,2025-06-16 23:05:00+00:00,batter,Jazz Chisholm Jr.,batter_hits,0.5,100.0
